,Date,Ticker,Followers,pct_change_day,pct_change_week,pct_change_month
0,2022-10-19,MSFT,11703597,0.0437065179,0.3160871265,1.3745279413
1,2022-10-18,MSFT,11698484,0.0509214002,0.3188752814,1.3939575584
2,2022-10-17,MSFT,11692530,0.0496974258,0.3067659131,1.3962160252
3,2022-10-16,MSFT,11686722,0.0498677456,0.3005999899,1.418099487
4,2022-10-15,MSFT,11680897,0.0376482647,0.2948596993,1.4354180416
5,2022-10-14,MSFT,11676501,0.0379538473,0.3011051546,1.4554972166
6,2022-10-13,MSFT,11672071,0.0458655046,0.3049692509,1.4742717079
7,2022-10-12,MSFT,11666720,0.0464871023,0.3045835059,1.4966658933
8,2022-10-11,MSFT,11661299,0.0388443764,0.3056228199,1.5197537959
9,2022-10-10,MSFT,11656771,0.0435473047,0.3266079533,1.5441866575
10,2022-10-09,MSFT,11651697,0.0441418047,0.3430370869,1.5658209747
11,2022-10-08,MSFT,11646556,0.0438777032,0.3605949653,1.5740522868
12,2022-10-07,MSFT,11641448,0.0418078056,0.3655645473,1.5933688377
13,2022-10-06,MSFT,11636583,0.0454807561,0.4041677894,1.6194105356
14,2022-10-05,MSFT,11631293,0.0475237421,0.4267186191,1.6517490591
15,2022-10-04,MSFT,11625768,0.0597736965,0.4233829275,1.6745945747
16,2022-10-03,MSFT,11618823,0.0599300853,0.4247914981,1.6770181498
17,2022-10-02,MSFT,11611864,0.0616473828,0.4199404928,1.6739713949
18,2022-10-01,MSFT,11604710,0.0488316022,0.4190099797,1.6730519465
19,2022-09-30,MSFT,11599046,0.0802865224,0.4170246482,1.688242566
20,2022-09-29,MSFT,11589741,0.0679510245,0.3883270106,1.6982317011
21,2022-09-28,MSFT,11581871,0.0442006455,0.3832408217,1.6971192139
22,2022-09-27,MSFT,11576754,0.0611771669,0.3922204565,1.7015182812
23,2022-09-26,MSFT,11569676,0.0550967046,0.4023670282,1.6871486608
24,2022-09-25,MSFT,11563305,0.0607201897,0.4142641287,1.6817272652
25,2022-09-24,MSFT,11556288,0.0468535893,0.4109831377,1.6680678376
26,2022-09-23,MSFT,11550876,0.0516851194,0.4206305537,1.7050460368
27,2022-09-22,MSFT,11544909,0.0628810675,0.4369498489,1.7013461154
28,2022-09-21,MSFT,11537654,0.053149952,0.4433376987,1.6831543205
29,2022-09-20,MSFT,11531525,0.0712902803,0.4531466772,1.6824410858
30,2022-09-19,MSFT,11523310,0.0669526555,0.4466937731,1.6554851288
31,2022-09-18,MSFT,11515600,0.0574507507,0.4319351157,1.6346034952
32,2022-09-17,MSFT,11508988,0.05646602,0.4374080297,1.6240348289
33,2022-09-16,MSFT,11502493,0.0679444575,0.4484356233,1.6110608025
34,2022-09-15,MSFT,11494683,0.0692451263,0.4578452137,1.5907365076
35,2022-09-14,MSFT,11486729,0.062920826,0.4586117721,1.5754604452
36,2022-09-13,MSFT,11479506,0.0648619059,0.4578467124,1.5829930717
37,2022-09-12,MSFT,11472065,0.0522497936,0.4498854491,1.5743042549
38,2022-09-11,MSFT,11466074,0.0629032576,0.4584119227,1.5944087817
39,2022-09-10,MSFT,11458866,0.0674517878,0.4592916814,1.6083912363
40,2022-09-09,MSFT,11451142,0.0773184051,0.482046351,1.6148404278
41,2022-09-08,MSFT,11442295,0.0700087194,0.471542007,1.6139704684
42,2022-09-07,MSFT,11434290,0.0621587798,0.4499753098,1.6147032409
43,2022-09-06,MSFT,11427187,0.0569317865,0.4347972445,1.6057482287
44,2022-09-05,MSFT,11420685,0.0607425148,0.4276007034,1.6013710914
45,2022-09-04,MSFT,11413752,0.0637795526,0.4140873451,1.5915886674
46,2022-09-03,MSFT,11406477,0.0901177032,0.4336180565,1.5766791265
47,2022-09-02,MSFT,11396207,0.0668563711,0.3914013102,1.5363554314
48,2022-09-01,MSFT,11388593,0.0485282133,0.3694563481,1.5221557804
49,2022-08-31,MSFT,11383069,0.0470393138,0.3733888595,1.5223352689
50,2022-08-30,MSFT,11377717,0.0497623209,0.3711035538,1.5289961818
51,2022-08-29,MSFT,11372058,0.0472785203,0.3677277567,1.542197747
52,2022-08-28,MSFT,11366684,0.0832421286,0.3674945795,1.5434370448
53,2022-08-27,MSFT,11357230,0.0480453455,0.3278322428,1.5029405942
54,2022-08-26,MSFT,11351776,0.0449823525,0.3277153889,1.4979468434
55,2022-08-25,MSFT,11346672,0.0524481506,0.3369569283,1.4992027516
56,2022-08-24,MSFT,11340724,0.0447614385,0.3549009444,1.4969122834
57,2022-08-23,MSFT,11335650,0.0463973315,0.3664782258,1.5001643071
58,2022-08-22,MSFT,11330393,0.0470460876,0.3922160366,1.5030167209
59,2022-08-21,MSFT,11325065,0.0436921202,0.4219471017,1.501723951
60,2022-08-20,MSFT,11320119,0.0479288175,0.4521720025,1.5243014067
61,2022-08-19,MSFT,11314696,0.0541978484,0.4808200805,1.5452797767
62,2022-08-18,MSFT,11308567,0.0703412858,0.4974230831,1.5558878717
63,2022-08-17,MSFT,11300618,0.0563029412,0.4803498303,1.5728002557
64,2022-08-16,MSFT,11294259,0.0720530612,0.476652658,1.5919545766
65,2022-08-15,MSFT,11286127,0.0766749309,0.4556233421,1.5843414621
66,2022-08-14,MSFT,11277480,0.0738031742,0.427938207,1.5793717533
67,2022-08-13,MSFT,11269163,0.0764616089,0.404436299,1.5703747955
68,2022-08-12,MSFT,11260553,0.0707303578,0.3807595758,1.5602898926
69,2022-08-11,MSFT,11252594,0.0533405889,0.3586660779,1.5668100941
70,2022-08-10,MSFT,11246595,0.0526213717,0.3589297232,1.5883472425
71,2022-08-09,MSFT,11240680,0.0511084262,0.369110971,1.6081316299
72,2022-08-08,MSFT,11234938,0.0490942323,0.3664938257,1.6284522883
73,2022-08-07,MSFT,11229425,0.0503841401,0.3607093175,1.6368074778
74,2022-08-06,MSFT,11223770,0.0528622266,0.3534258289,1.638750151
75,2022-08-05,MSFT,11217840,0.0487050964,0.3467639317,1.6382216627
76,2022-08-04,MSFT,11212379,0.053603432,0.3482535904,1.6472332888
77,2022-08-03,MSFT,11206372,0.062771545,0.3426004937,1.6474761949
78,2022-08-02,MSFT,11199342,0.0484995729,0.328999911,1.6377618812
79,2022-08-01,MSFT,11193913,0.0433280171,0.3262645519,1.6357268791
80,2022-07-31,MSFT,11189065,0.0431231728,0.3489457592,1.6424023223
81,2022-07-30,MSFT,11184242,0.0462202821,0.374502592,1.6487665765
82,2022-07-29,MSFT,11179075,0.0501903304,0.3929929592,1.6573982246
83,2022-07-28,MSFT,11173467,0.0479669344,0.4299350491,1.6728872319
84,2022-07-27,MSFT,11168110,0.0492088907,0.457243262,1.6829509835
85,2022-07-26,MSFT,11162617,0.0457718613,0.4726507985,1.6933160337
86,2022-07-25,MSFT,11157510,0.0659452598,0.4987688856,1.7038374147
87,2022-07-24,MSFT,11150157,0.0686021188,0.4977588414,1.6945447163
88,2022-07-23,MSFT,11142513,0.0646501751,0.4956728512,1.677825892
89,2022-07-22,MSFT,11135314,0.0870062776,0.5082314688,1.6664612396
90,2022-07-21,MSFT,11125634,0.0751712852,0.4957296039,1.6326805035
91,2022-07-20,MSFT,11117277,0.0645538454,0.4926521155,1.6103518782
92,2022-07-19,MSFT,11110105,0.0717789802,0.4992440466,1.6077839424
93,2022-07-18,MSFT,11102136,0.0649395656,0.4847228798,1.597091844
94,2022-07-17,MSFT,11094931,0.0665250364,0.4720267657,1.5849920998
95,2022-07-16,MSFT,11087555,0.0771549291,0.4577862394,1.5734438545
96,2022-07-15,MSFT,11079007,0.0745568075,0.4381326334,1.5549288163
97,2022-07-14,MSFT,11070753,0.0721066756,0.4173430997,1.5327187796
98,2022-07-13,MSFT,11062776,0.0711176948,0.3983799078,1.5070938499
99,2022-07-12,MSFT,11054914,0.057319578,0.3736780852,1.4792401051
100,2022-07-11,MSFT,11048581,0.0522964906,0.3662339161,1.4687769862
101,2022-07-10,MSFT,11042806,0.0523419844,0.3633155867,1.4657244636
102,2022-07-09,MSFT,11037029,0.05757579,0.3656968282,1.4608410628
103,2022-07-08,MSFT,11030678,0.0538425298,0.3735796942,1.4471003823
104,2022-07-07,MSFT,11024742,0.0532086794,0.377619883,1.4315664078
105,2022-07-06,MSFT,11018879,0.0464963912,0.3838387078,1.4235721868
106,2022-07-05,MSFT,11013758,0.0498988714,0.3934975597,1.4365551706
107,2022-07-04,MSFT,11008265,0.0493872895,0.4004246121,1.4379739874
108,2022-07-03,MSFT,11002831,0.0547158477,0.4031976213,1.4293058775
109,2022-07-02,MSFT,10996814,0.0654344558,0.4019432492,1.4174052992
110,2022-07-01,MSFT,10989623,0.0578698487,0.3902198484,1.3940826819
111,2022-06-30,MSFT,10983267,0.0594074054,0.3855192816,1.3761269317
112,2022-06-29,MSFT,10976746,0.0561227843,0.3881453828,1.3578966711
113,2022-06-28,MSFT,10970589,0.0568022158,0.3932881219,1.3567868538
114,2022-06-27,MSFT,10964361,0.0521506033,0.389495488,1.3446955692
115,2022-06-26,MSFT,10958646,0.0534658293,0.3925044071,1.3430351069
116,2022-06-25,MSFT,10952790,0.0537503474,0.3979696727,1.3491643276
117,2022-06-24,MSFT,10946906,0.0531848435,0.3968861382,1.3527049794
118,2022-06-23,MSFT,10941087,0.0620249755,0.3905299112,1.3545514465
119,2022-06-22,MSFT,10934305,0.0612485143,0.3721026212,1.3528194003
120,2022-06-21,MSFT,10927612,0.0530222936,0.3578129192,1.3546556671
121,2022-06-20,MSFT,10921821,0.0551494114,0.3540658259,1.3678856041
122,2022-06-19,MSFT,10915801,0.0589126379,0.346420249,1.3710508124
123,2022-06-18,MSFT,10909374,0.0526705278,0.3314899851,1.3712573415
124,2022-06-17,MSFT,10903631,0.0468503765,0.3173019253,1.3795769026
125,2022-06-16,MSFT,10898525,0.0436579847,0.3157705124,1.3946630162
126,2022-06-15,MSFT,10893769,0.0470030677,0.3314581802,1.4106753057
127,2022-06-14,MSFT,10888651,0.0492865804,0.3357656176,1.4291451072
128,2022-06-13,MSFT,10883287,0.0475266078,0.3272926828,1.4517669835
129,2022-06-12,MSFT,10878117,0.0440251514,0.3227298999,1.4847891536
130,2022-06-11,MSFT,10873330,0.0385218963,0.321123031,1.52931772
131,2022-06-10,MSFT,10869143,0.0453230923,0.3227564628,1.5788295645
132,2022-06-09,MSFT,10864219,0.0593030988,0.3188364579,1.6301563823
133,2022-06-08,MSFT,10857780,0.0512982928,0.3145494891,1.6671103418
134,2022-06-07,MSFT,10852213,0.0408378376,0.3081002839,1.6989348904
135,2022-06-06,MSFT,10847783,0.0429765484,0.3177996079,1.7113311296
136,2022-06-05,MSFT,10843123,0.0424227466,0.3343855539,1.7214301629
137,2022-06-04,MSFT,10838525,0.0401507268,0.3492518103,1.7233759375
138,2022-06-03,MSFT,10834175,0.0414139278,0.3641546235,1.733335637
139,2022-06-02,MSFT,10829690,0.0550272207,0.3831166893,1.7389688503
140,2022-06-01,MSFT,10823734,0.044866012,0.3911771943,1.7303513627
141,2022-05-31,MSFT,10818880,0.0505113184,0.4124669507,1.7418847745
142,2022-05-30,MSFT,10813418,0.0595170568,0.4202573438,1.7558486649
143,2022-05-29,MSFT,10806986,0.0572457437,0.4198553365,1.7588187638
144,2022-05-28,MSFT,10800803,0.0550076356,0.4235046425,1.7665069491
145,2022-05-27,MSFT,10794865,0.0603150174,0.4302599646,1.789470905
146,2022-05-26,MSFT,10788358,0.063061381,0.4293986975,1.7950356846
147,2022-05-25,MSFT,10781559,0.0660823269,0.4315697411,1.8120683115
148,2022-05-24,MSFT,10774439,0.0582736296,0.4371082749,1.8398287527
149,2022-05-23,MSFT,10768164,0.0591164937,0.4590089545,1.9031215873
150,2022-05-22,MSFT,10761802,0.0608818722,0.4879291346,1.8833814279
151,2022-05-21,MSFT,10755254,0.0617381695,0.5144667789,1.8515039196
152,2022-05-20,MSFT,10748618,0.0594569229,0.5487581053,1.8191790424
153,2022-05-19,MSFT,10742231,0.0652245052,0.5851642227,1.7912293704
154,2022-05-18,MSFT,10735229,0.071600705,0.602647138,1.7584933353
155,2022-05-17,MSFT,10727548,0.0800917029,0.5839798636,1.7204740518
156,2022-05-16,MSFT,10718963,0.0879215526,0.5566612334,1.6712211307
157,2022-05-15,MSFT,10709547,0.0873067385,0.5128719638,1.6109093935
158,2022-05-14,MSFT,10700205,0.0958750438,0.4753519903,1.5529425208
159,2022-05-13,MSFT,10689956,0.0956858769,0.4262449336,1.4883146975
160,2022-05-12,MSFT,10679737,0.0826170487,0.376949163,1.4280143477
161,2022-05-11,MSFT,10670921,0.0530319687,0.3504627854,1.3781102794
162,2022-05-10,MSFT,10665265,0.0529099288,0.3617072151,1.3501808341
163,2022-05-09,MSFT,10659625,0.0443364044,0.3712643345,1.3276383803
164,2022-05-08,MSFT,10654901,0.0499456223,0.3918001892,1.3117593856
165,2022-05-07,MSFT,10649582,0.0469534554,0.4195343934,1.2889886368
166,2022-05-06,MSFT,10644584,0.0465523663,0.4384363337,1.2680164459
167,2022-05-05,MSFT,10639631,0.0562083363,0.4718184245,1.2442724585
168,2022-05-03,MSFT,10633654,0.0642430709,0.5091311367,1.2118982008
169,2022-05-02,MSFT,10626827,0.0624376424,0.5655972428,1.1738817662
170,2022-05-01,MSFT,10620196,0.06480537,0.5427789795,1.1735534545
171,2022-04-30,MSFT,10613318,0.0775853859,0.5073799166,1.1373103923
172,2022-04-29,MSFT,10605090,0.0657852649,0.4595714046,1.0858944482
173,2022-04-28,MSFT,10598118,0.0798042091,0.4256434471,1.043285573
174,2022-04-27,MSFT,10589667,0.0933667014,0.3787212031,0.9943632119
175,2022-04-26,MSFT,10579789,0.1204592384,0.3193975406,0.9693730307
176,2022-04-25,MSFT,10567060,0.0397335457,0.2303948583,0.8922810348
177,2022-04-24,MSFT,10562863,0.0295745918,0.2191890309,0.8973224848
178,2022-04-23,MSFT,10559740,0.029981315,0.2198246907,0.9107611554
179,2022-04-22,MSFT,10556575,0.0319902998,0.2220220296,0.9236843972
180,2022-04-21,MSFT,10553199,0.0330435529,0.2262527238,0.9361162852
181,2022-04-20,MSFT,10549713,0.0342116829,0.2265847465,0.9517086518
182,2022-04-19,MSFT,10546105,0.0316330528,0.2178238276,0.9720352566
183,2022-04-18,MSFT,10542770,0.0285490345,0.2168449722,0.9844450102
184,2022-04-17,MSFT,10539761,0.0302090489,0.2169546591,1.0891984701
185,2022-04-16,MSFT,10536578,0.0321744915,0.2141989529,1.1061088595
186,2022-04-15,MSFT,10533189,0.0362129722,0.2082520914,1.1233485907
187,2022-04-14,MSFT,10529376,0.0333749356,0.1951113307,1.1339681875
188,2022-04-13,MSFT,10525863,0.0254675795,0.1859355619,1.1511547151
189,2022-04-12,MSFT,10523183,0.0306560159,0.1871276013,1.1736243996
190,2022-04-11,MSFT,10519958,0.0286585152,0.2186337288,1.1902599946
191,2022-04-10,MSFT,10516944,0.0274584777,0.2189352761,1.2035852261
192,2022-04-09,MSFT,10514057,0.0262384316,0.2181835443,1.2222856877
193,2022-04-08,MSFT,10511299,0.0230947717,0.2155464395,1.2896793754
194,2022-04-07,MSFT,10508872,0.0242139785,0.2238158873,1.3190436615
195,2022-04-06,MSFT,10506328,0.0266577097,0.2682899455,1.3532738179
196,2022-04-05,MSFT,10503528,0.0621129373,0.2856895705,1.3806005912
197,2022-04-03,MSFT,10497008,0.0289594909,0.2682701936,1.3772304036
198,2022-04-02,MSFT,10493969,0.0267081822,0.2822417342,1.4185005133
199,2022-04-01,MSFT,10491167,0.0236063776,0.2983663988,1.486088279
200,2022-03-31,MSFT,10488691,0.0313483391,0.3191292475,1.5424666998
201,2022-03-30,MSFT,10485404,0.0685994639,0.3363266568,1.5922973818
202,2022-03-28,MSFT,10478216,0.0440154041,0.3220426288,1.7138202139
203,2022-03-27,MSFT,10473606,0.0447323951,0.321954208,1.7532450247
204,2022-03-26,MSFT,10468923,0.0428976856,0.4097754129,1.8119034347
205,2022-03-25,MSFT,10464434,0.0427917588,0.4138348482,1.8230671837
206,2022-03-24,MSFT,10459958,0.044312348,0.4202980767,1.8320793951
207,2022-03-23,MSFT,10455325,0.048496415,0.4227131731,1.8384904411
208,2022-03-22,MSFT,10450257,0.0543535499,0.424598213,1.843576791
209,2022-03-21,MSFT,10444580,0.0439272283,0.417907199,1.8369114514
210,2022-03-20,MSFT,10439994,0.1323109217,0.4210955217,1.8457802313
211,2022-03-17,MSFT,10426199,0.0469422885,0.3303544338,1.7643270623
212,2022-03-16,MSFT,10421307,0.0492311048,0.3293509245,1.770109063
213,2022-03-15,MSFT,10416179,0.046718402,0.3730776973,1.7700712027
214,2022-03-14,MSFT,10411315,0.0503744304,0.3784686938,1.7706740415
215,2022-03-13,MSFT,10406073,0.0476872042,0.3861259745,1.7793061411
216,2022-03-12,MSFT,10401113,0.047103677,0.3920856647,1.7898315793
217,2022-03-11,MSFT,10396216,0.0418307814,0.4038088527,1.8065488571
218,2022-03-10,MSFT,10391869,0.0459416139,0.4317595669,1.8168042563
219,2022-03-09,MSFT,10387097,0.0928357923,0.4793692737,1.8280648153
220,2022-03-07,MSFT,10377463,0.0520918699,0.4656530644,1.7848481814
221,2022-03-06,MSFT,10372060,0.0580066828,0.4941158187,1.7794021741
222,2022-03-05,MSFT,10366047,0.0536268021,0.6249767028,1.7710697361
223,2022-03-04,MSFT,10360491,0.0587865801,0.6543094422,1.7641192006
224,2022-03-03,MSFT,10354404,0.069680727,0.6981883591,1.7549938732
225,2022-03-02,MSFT,10347194,0.0933684236,0.6822757757,1.7315272057
226,2022-03-01,MSFT,10337542,0.0791723479,0.6403082779,1.6872989809
227,2022-02-28,MSFT,10329364,0.0804374589,0.6115866294,1.6580934322
228,2022-02-27,MSFT,10321062,0.1882996766,0.5844995354,1.6243752886
229,2022-02-25,MSFT,10301664,0.0827929897,0.4434495757,1.4863276651
230,2022-02-24,MSFT,10293142,0.1024058868,0.4131877874,1.455426169
231,2022-02-23,MSFT,10282612,0.0538674619,0.3628542504,1.4051299145
232,2022-02-22,MSFT,10277076,0.0516464006,0.3616096684,1.3850894287
233,2022-02-21,MSFT,10271771,0.0506108415,0.3591495545,1.3668347402
234,2022-02-20,MSFT,10266575,0.0534933632,0.3558395695,1.3441213139
235,2022-02-19,MSFT,10261086,0.0478053092,0.361223041,1.3241747027
236,2022-02-18,MSFT,10256183,0.0526398607,0.3714833419,1.3113340724
237,2022-02-17,MSFT,10250787,0.0522281336,0.3824129413,1.3379537256
238,2022-02-16,MSFT,10245436,0.0526267116,0.3820921657,1.3308140667
239,2022-02-15,MSFT,10240047,0.0491938847,0.386486198,1.3470083866
240,2022-02-14,MSFT,10235012,0.0473110325,0.3876518331,1.4205499494
241,2022-02-13,MSFT,10230172,0.0588606158,0.3870774271,1.3973569732
242,2022-02-12,MSFT,10224154,0.0580335683,0.3780023115,1.366574142
243,2022-02-11,MSFT,10218224,0.0635347408,0.3667263602,1.3334206023
244,2022-02-10,MSFT,10211736,0.0519084131,0.3529642184,1.3522518508
245,2022-02-09,MSFT,10206438,0.0570063221,0.3476425657,1.3271540255
246,2022-02-08,MSFT,10200623,0.0503556033,0.340467859,1.2935387904
247,2022-02-07,MSFT,10195489,0.0467385739,0.3405411358,1.2643984463
248,2022-02-06,MSFT,10190726,0.0498151714,0.3410466371,1.2413349949
249,2022-02-05,MSFT,10185652,0.0467935606,0.3434412494,1.2097492186
250,2022-02-04,MSFT,10180888,0.0498141722,0.3489829266,1.1792415796
251,2022-02-03,MSFT,10175819,0.0466027252,0.3519580124,1.164435694
252,2022-02-02,MSFT,10171079,0.0498523954,0.3394111323,1.167953114
253,2022-02-01,MSFT,10166011,0.0504286683,0.3231435946,1.172488955
254,2022-01-31,MSFT,10160887,0.0472425951,0.3008466587,1.174507604
255,2022-01-30,MSFT,10156089,0.0522028335,0.2873707649,1.1687498089
256,2022-01-29,MSFT,10150790,0.0523188548,0.2702542251,1.1513012027
257,2022-01-28,MSFT,10145482,0.0527803884,0.2969221232,1.1371582995
258,2022-01-27,MSFT,10140130,0.0340940233,0.2893022456,1.1266703015
259,2022-01-26,MSFT,10136674,0.0336318024,0.3239130534,1.1329307773
260,2022-01-25,MSFT,10133266,0.0281923436,0.4123307822,1.1409675243
261,2022-01-24,MSFT,10130410,0.0338007741,0.4085560882,1.150785754
262,2022-01-23,MSFT,10126987,0.035126431,0.40321953,1.1554429629
263,2022-01-22,MSFT,10123431,0.0789287908,0.3933649783,1.1425837908
264,2022-01-20,MSFT,10115447,0.0451790591,0.3965762459,1.0991384415
265,2022-01-19,MSFT,10110879,0.0686167563,0.3784663921,1.0906240149
266,2022-01-18,MSFT,10103946,0.1217936998,0.333523363,1.0584994213
267,2022-01-17,MSFT,10091655,0.0244320902,0.233090625,0.9688821716
268,2022-01-16,MSFT,10089190,0.0284841335,0.2326099846,0.9799646272
269,2022-01-15,MSFT,10086317,0.0253080075,0.2227068144,0.9796904648
270,2022-01-14,MSFT,10083765,0.0821300006,0.214018165,0.9862209282
271,2022-01-11,MSFT,10075490,0.0271325914,0.1669998445,0.9394273672
272,2022-01-10,MSFT,10072757,0.0238124579,0.189980621,0.9711831736
273,2022-01-09,MSFT,10070359,0.0215729009,0.2205569815,0.9707788751
274,2022-01-08,MSFT,10068187,0.0239524504,0.2514703873,0.9766410104
275,2022-01-07,MSFT,10065776,0.0186011313,0.2691069147,0.980453136
276,2022-01-06,MSFT,10063904,0.0166364712,0.2854935211,0.9883080634
277,2022-01-05,MSFT,10062230,0.0351735593,0.3072449743,0.9927312389
278,2022-01-04,MSFT,10058692,0.0500812789,0.3144959234,0.9793155222
279,2022-01-03,MSFT,10053657,0.0543381066,0.3046756204,0.9956761446
280,2022-01-02,MSFT,10048197,0.0524249293,0.291886787,0.9657981045
281,2022-01-01,MSFT,10042932,0.0415489521,0.2773296514,0.9349840833
282,2021-12-31,MSFT,10038761,0.0349467986,0.2741798478,0.9240921969
283,2021-12-30,MSFT,10035254,0.0383296105,0.2616127434,0.9616415837
284,2021-12-29,MSFT,10031409,0.0424048412,0.2592181299,0.9797485021
285,2021-12-28,MSFT,10027157,0.0402868608,0.2535544363,0.9793748299
286,2021-12-27,MSFT,10023119,0.0415811912,0.2500771145,0.9655528521
287,2021-12-26,MSFT,10018953,0.0379025511,0.2414851618,1.0219610613
288,2021-12-25,MSFT,10015157,0.0384065545,0.2389884218,1.0070899512
289,2021-12-24,MSFT,10011312,0.0224096767,0.2287739823,1.0216990592
290,2021-12-23,MSFT,10009069,0.0359403299,0.2381603816,1.0268145665
291,2021-12-22,MSFT,10005473,0.0367533954,0.2379750422,1.0218322041
292,2021-12-21,MSFT,10001797,0.0368169363,0.2598669811,1.0172732741
293,2021-12-20,MSFT,9998116,0.0330071076,0.2464321086,1.0110484478
294,2021-12-19,MSFT,9994817,0.0354108818,0.2407929227,1.0088436656
295,2021-12-18,MSFT,9991279,0.0282125545,0.233094878,1.0063861428
296,2021-12-17,MSFT,9988461,0.03177675,0.2312598121,1.0046607839
297,2021-12-16,MSFT,9985288,0.0357553644,0.2204786938,1.0014891347
298,2021-12-15,MSFT,9981719,0.0586013876,0.2065827599,0.9955352079
299,2021-12-13,MSFT,9975873,0.0234119527,0.2142840926,0.9589399743
300,2021-12-12,MSFT,9973538,0.0273799275,0.2156132185,0.9718816628
301,2021-12-11,MSFT,9970808,0.0277286095,0.2101126222,0.9770075656
302,2021-12-10,MSFT,9968044,0.0263812395,0.2131430043,0.9810660324
303,2021-12-09,MSFT,9965415,0.0210170886,0.2590126232,0.9760783294
304,2021-12-08,MSFT,9963321,0.0218850431,0.2943503576,0.9819245848
305,2021-12-07,MSFT,9961141,0.0662913472,0.3145548407,1.0096768557
306,2021-12-04,MSFT,9954542,0.0247385471,0.2747584279,1.0083133007
307,2021-12-03,MSFT,9952080,0.0218896628,0.3476748757,1.0111487926
308,2021-12-02,MSFT,9949902,0.0307534763,0.3489657046,1.4677686753
309,2021-12-01,MSFT,9946843,0.0721653737,0.3711581594,1.4656701038
310,2021-11-29,MSFT,9939670,0.056270938,0.326333842,1.4274396252
311,2021-11-27,MSFT,9934080,0.0420346376,0.301001548,1.4014394928
312,2021-11-25,MSFT,9929906,0.0265934246,0.2911804737,1.4233414599
313,2021-11-24,MSFT,9927266,0.0974731888,0.2952503131,1.4272382513
314,2021-11-20,MSFT,9917599,0.023176301,0.2284691084,1.3616823653
315,2021-11-19,MSFT,9915301,0.0528755575,0.2382899655,1.3787189473
316,2021-11-17,MSFT,9910061,0.0274745822,0.2118694414,1.3805988395
317,2021-11-16,MSFT,9907339,0.0310068346,0.2130326499,1.4651882977
318,2021-11-15,MSFT,9904268,0.0322389203,0.2118820919,1.8187268604
319,2021-11-14,MSFT,9901076,0.030652527,0.2019710521,1.8157429932
320,2021-11-13,MSFT,9898042,0.0308236732,0.2075618018,1.8141941016
321,2021-11-12,MSFT,9894992,0.0329770424,0.209198898,1.8073782269
322,2021-11-11,MSFT,9891730,0.0265039044,0.207968615,1.8379932797
323,2021-11-10,MSFT,9889109,0.0286356503,0.2028962158,1.8531423444
324,2021-11-09,MSFT,9886278,0.0298583665,0.2010654299,1.8592237136
325,2021-11-08,MSFT,9883327,0.0223456473,0.2206139367,1.9248862265
326,2021-11-07,MSFT,9881119,0.0362337181,0.2632932498,1.9408453096
327,2021-11-06,MSFT,9877540,0.032457882,0.2545862418,1.9352395223
328,2021-11-05,MSFT,9874335,0.031748923,0.6971465249,1.9290191796
329,2021-11-04,MSFT,9871201,0.0214406908,0.6940618439,1.9259807969
330,2021-11-03,MSFT,9869085,0.0268080483,0.7071686478,1.9318548711
331,2021-11-02,MSFT,9866440,0.049373472,0.7110088372,1.933520117
332,2021-11-01,MSFT,9861571,0.0649405272,0.7253727139,1.9117394782
333,2021-10-30,MSFT,9855171,0.0275464283,0.6906410107,1.9220584362
334,2021-10-29,MSFT,9852457,0.4740376095,0.6959060305,1.9184861648
335,2021-10-14,MSFT,9805973,0.0286846253,0.2608978559,1.4601045272
336,2021-10-13,MSFT,9803161,0.0344599432,0.2870045604,1.4560247672
337,2021-10-12,MSFT,9799784,0.030622294,0.3636727114,1.4383656222
338,2021-10-11,MSFT,9796784,0.0636429832,0.7137603916,1.4201410327
339,2021-10-09,MSFT,9790553,0.0304365515,0.6792017362,1.3692356881
340,2021-10-08,MSFT,9787574,0.0327767754,0.6778875074,1.3520546637
341,2021-10-07,MSFT,9784367,0.0399879106,0.6691821358,1.3285304196
342,2021-10-06,MSFT,9780456,0.0547308643,0.6923978313,1.306607866
343,2021-10-05,MSFT,9775106,0.110935027,0.6789654002,1.2727804304
344,2021-10-04,MSFT,9764274,0.3795482307,0.6022053767,1.1828548992
345,2021-10-02,MSFT,9727354,0.0293074073,0.3163661118,0.8240069943
346,2021-10-01,MSFT,9724504,0.0291307915,0.3250905061,0.8148954478
347,2021-09-30,MSFT,9721672,0.0241271849,0.3266971207,0.7963825714
348,2021-09-29,MSFT,9719327,0.0630585053,0.3289303225,0.7856118784
349,2021-09-27,MSFT,9713202,0.0413834983,0.294547799,0.7545177031
350,2021-09-26,MSFT,9709184,0.0346080833,0.2803334255,0.7288881843
351,2021-09-25,MSFT,9705825,0.0943415976,0.274152368,0.7099943968
352,2021-09-22,MSFT,9696677,0.0380068365,0.2076870134,0.6311214678
353,2021-09-21,MSFT,9692993,0.0307326666,0.2448155357,0.6040711621
354,2021-09-20,MSFT,9690015,0.0263536518,0.2381091046,0.5868491358
355,2021-09-19,MSFT,9687462,0.0287670956,0.2338989841,0.573387352
356,2021-09-18,MSFT,9684676,0.0272050049,0.2297858944,0.5586617702
357,2021-09-17,MSFT,9682042,0.0284421717,0.2196085511,0.5453538891
358,2021-09-16,MSFT,9679289,0.0279954281,0.2037868219,0.5262332505
359,2021-09-15,MSFT,9676580,0.0750724896,0.1891842753,0.5448067242
360,2021-09-12,MSFT,9669321,0.0240405578,0.1275239966,0.4824117971
361,2021-09-11,MSFT,9666997,0.0221524252,0.1130271975,0.4745284467
362,2021-09-10,MSFT,9664856,0.0246624234,0.1092154469,0.4603783666
363,2021-09-09,MSFT,9662473,0.0170482317,0.1058716441,0.4489104239
364,2021-09-08,MSFT,9660826,0.0126506221,0.1108690072,0.450397291
365,2021-09-07,MSFT,9659604,0.0134184994,0.1217783642,0.4517602761
366,2021-09-06,MSFT,9658308,0.0134824396,0.1286349641,0.4566795165
367,2021-09-05,MSFT,9657006,0.0095587414,0.1259115994,0.4585596996
368,2021-09-04,MSFT,9656083,0.0183441347,0.1297963844,0.4937012451
369,2021-09-03,MSFT,9654312,0.0213214447,0.1436549261,0.5251524983
370,2021-09-02,MSFT,9652254,0.0220411607,0.1382622775,0.524239066
371,2021-09-01,MSFT,9650127,0.023549276,0.132058439,0.5510332499
372,2021-08-31,MSFT,9647855,0.0202676785,0.1244517486,0.5510170157
373,2021-08-30,MSFT,9645900,0.0107622069,0.1152905013,0.5583202604
374,2021-08-29,MSFT,9644862,0.0134390121,0.1181400576,0.5691911859
375,2021-08-28,MSFT,9643566,0.0321872508,0.1176674316,0.5764843808
376,2021-08-26,MSFT,9640463,0.0159353837,0.099585998,0.569263545
377,2021-08-25,MSFT,9638927,0.0158445224,0.097616425,0.5999408857
378,2021-08-24,MSFT,9637400,0.0159508287,0.0911864836,0.6130806192
379,2021-08-23,MSFT,9635863,0.0111159639,0.1217354639,0.6287716745
380,2021-08-22,MSFT,9634792,0.0136087879,0.1235906144,0.6416132755
381,2021-08-21,MSFT,9633481,0.0129668804,0.1261778374,0.6563073758
382,2021-08-20,MSFT,9632232,0.0141212551,0.1212714638,0.6670073711
383,2021-08-19,MSFT,9630872,0.0139674566,0.1203934885,0.6782570335
384,2021-08-18,MSFT,9629527,0.0094198338,0.1249595919,0.6913643451
385,2021-08-17,MSFT,9628620,0.0464768462,0.1295527259,0.711050799
386,2021-08-14,MSFT,9624147,0.0129690647,0.1013687696,0.7057034825
387,2021-08-13,MSFT,9622899,0.0161931689,0.1037561408,0.728871
388,2021-08-12,MSFT,9621341,0.0080660543,0.1321310133,0.7332821501
389,2021-08-11,MSFT,9620565,0.0132442194,0.1737631584,0.735757146
390,2021-08-10,MSFT,9619291,0.0185287063,0.1809430346,0.7477247089
391,2021-08-09,MSFT,9617509,0.0140076675,0.2111648106,0.7512943923
392,2021-08-08,MSFT,9616162,0.0183162737,0.2207090475,0.7575232885
393,2021-08-07,MSFT,9614401,0.0153543276,0.2299437968,0.7625522696
394,2021-08-06,MSFT,9612925,0.0445432212,0.236176752,0.8075362217
395,2021-08-04,MSFT,9608645,0.0496466167,0.2122797483,0.7896265821
396,2021-08-02,MSFT,9603877,0.0204125905,0.1875985693,0.7634682634
397,2021-08-01,MSFT,9601917,0.0487014865,0.2136734296,0.7717892804
398,2021-07-30,MSFT,9597243,0.0235331269,0.1938472701,0.7480698578
399,2021-07-29,MSFT,9594985,0.0275323737,0.2018765507,0.7539917597
400,2021-07-28,MSFT,9592344,0.0215739382,0.1982165524,0.7537670233
401,2021-07-27,MSFT,9590275,0.0206919043,0.2048655329,0.7538673562
402,2021-07-26,MSFT,9588291,0.0250054924,0.2077774677,0.7988391455
403,2021-07-25,MSFT,9585894,0.0464439389,0.2080704663,0.9913188226
404,2021-07-23,MSFT,9581444,0.0289079648,0.1885833807,0.9727330401
405,2021-07-22,MSFT,9578675,0.031548759,0.1886484784,0.9619271344
406,2021-07-21,MSFT,9575654,0.0238787436,0.1982796372,0.9552508327
407,2021-07-20,MSFT,9573368,0.028211197,0.2103992058,0.9552149595
408,2021-07-19,MSFT,9570668,0.0235984871,0.2027472063,1.0188576483
409,2021-07-18,MSFT,9568410,0.0252979566,0.1896485324,1.0259693611
410,2021-07-17,MSFT,9565990,0.0269882842,0.1894762397,1.017739477
411,2021-07-16,MSFT,9563409,0.0289729588,0.1845525232,1.0191160175
412,2021-07-15,MSFT,9560639,0.0411648157,0.1757568868,1.0152623226
413,2021-07-14,MSFT,9556705,0.0359772174,0.1578764072,0.9626558699
414,2021-07-13,MSFT,9553268,0.0205731092,0.1819331729,0.8564800714
415,2021-07-12,MSFT,9551303,0.0105232318,0.1881391957,0.7829822185
416,2021-07-11,MSFT,9550298,0.0251259466,0.2013196784,0.7864900084
417,2021-07-10,MSFT,9547899,0.022072553,0.2048722248,0.7917429281
418,2021-07-09,MSFT,9545792,0.0201909813,0.2079575628,0.8047660805
419,2021-07-08,MSFT,9543865,0.0233083596,0.2171963339,0.823150692
420,2021-07-07,MSFT,9541641,0.0600047043,0.2212049874,0.8277762549
421,2021-07-04,MSFT,9535919,0.0267691362,0.1828120722,0.7940665445
422,2021-07-03,MSFT,9533367,0.0236803478,0.2214395399,0.7866724404
423,2021-07-02,MSFT,9531110,0.0286722462,0.4141469479,0.7564948392
424,2021-07-01,MSFT,9528378,0.0251522625,0.4135042796,0.7204907963
425,2021-06-30,MSFT,9525982,0.0294124411,0.406528102,0.7018486002
426,2021-06-29,MSFT,9523181,0.0273092577,0.4020327572,0.6497242675
427,2021-06-28,MSFT,9520581,0.021673542,0.3985537163,0.5969090105
428,2021-06-27,MSFT,9518518,0.0653364385,0.4684119086,0.5545304862
429,2021-06-25,MSFT,9512303,0.2160075012,0.433575843,0.494671163
430,2021-06-22,MSFT,9491800,0.0280320451,0.2342862127,0.3009302653
431,2021-06-21,MSFT,9489140,0.0182030655,0.23460615,0.3047574873
432,2021-06-20,MSFT,9487413,0.0249339803,0.2415751664,0.2765915349
433,2021-06-19,MSFT,9485048,0.0238432014,0.2056291508,0.2290939124
434,2021-06-18,MSFT,9482787,0.0912694978,0.1123927526,0.1734138668
435,2021-06-15,MSFT,9474140,0.0306401338,-0.0312226347,0.0323194432
436,2021-06-14,MSFT,9471238,0.0171495903,-0.0478483442,-0.0111799704
437,2021-06-13,MSFT,9469614,0.028351324,-0.0346673214,-0.0274803671
438,2021-06-12,MSFT,9466930,0.025157036,-0.0280265743,-0.0527558965
439,2021-06-11,MSFT,9464549,-0.0109343491,-0.0147581657,-0.0751820957
440,2021-06-10,MSFT,9465584,-0.069224054,0.0240719258,-0.0502938277
441,2021-06-09,MSFT,9472141,-0.0523155873,0.1199370793,0.0794326409
442,2021-06-08,MSFT,9477099,0.014004136,0.1918076371,0.1701723042
443,2021-06-06,MSFT,9475772,0.0303391845,0.1714986624,0.2007446926
444,2021-06-05,MSFT,9472898,0.0349962575,0.1340349662,0.2093173348
445,2021-06-04,MSFT,9469584,0.0384325032,0.1056493992,0.2023923288
446,2021-06-03,MSFT,9465946,0.0278972275,0.0448122146,0.2022263101
447,2021-06-02,MSFT,9463306,0.0265516827,-0.0082733795,0.2265642326
448,2021-06-01,MSFT,9460794,0.0194313199,-0.0552713462,0.2360541077
449,2021-05-31,MSFT,9458956,-0.0062687978,-0.0689241327,0.2446621244
450,2021-05-30,MSFT,9459549,-0.0070717186,-0.0398697202,0.3184467164
451,2021-05-29,MSFT,9460218,0.0066387655,-0.0009619136,0.3503802354
452,2021-05-28,MSFT,9459590,-0.0223638316,-0.0174818449,0.3702187593
453,2021-05-27,MSFT,9461706,-0.0251793913,-0.0175624577,0.4141709153
454,2021-05-26,MSFT,9464089,-0.0204626524,-0.0241063867,0.4641327099
455,2021-05-25,MSFT,9466026,0.0057683287,-0.0533518937,0.5078787406
456,2021-05-24,MSFT,9465480,0.0228038315,-0.0719677603,0.5263426197
457,2021-05-23,MSFT,9463322,0.031848854,-0.0939062101,0.515348011
458,2021-05-21,MSFT,9460309,-0.0098824214,-0.1226571953,0.5286401098
459,2021-05-20,MSFT,9461244,-0.0224444405,-0.1100756255,0.55916725
460,2021-05-19,MSFT,9463368,-0.0317228218,-0.0736931815,0.6513526141
461,2021-05-18,MSFT,9466371,-0.0497092253,0.0184687758,0.7068244125
462,2021-05-16,MSFT,9471079,-0.0128585495,0.10654266,0.7815586715
463,2021-05-15,MSFT,9472297,0.0008445752,0.1639986008,0.825128598
464,2021-05-14,MSFT,9472217,0.003061679,0.2021133572,0.8479250898
465,2021-05-13,MSFT,9471927,0.0027133547,0.2271847806,0.8662402394
466,2021-05-12,MSFT,9471670,0.0139699211,0.2628179872,0.8815084526
467,2021-05-11,MSFT,9470347,0.0604778447,0.3011359773,0.8916707123
468,2021-05-09,MSFT,9464623,0.038304623,0.2766219343,0.8482565929
469,2021-05-08,MSFT,9460999,0.0445288612,0.2663135461,0.8342352568
470,2021-05-07,MSFT,9456788,0.0388972477,0.289166332,0.8104136496
471,2021-05-06,MSFT,9453111,0.028083298,0.2749918931,0.790244668
472,2021-05-05,MSFT,9450457,0.0382667562,0.2733137974,0.788759216
473,2021-05-04,MSFT,9446842,0.0521928075,0.2564238624,0.7759139084
474,2021-05-03,MSFT,9441914,0.0360226197,0.2287384588,0.7556851929
475,2021-05-02,MSFT,9438514,0.0280207336,0.2157632573,0.7550990213
476,2021-05-01,MSFT,9435870,0.0673310977,0.2118752071,0.7851975736
477,2021-04-28,MSFT,9429521,0.0247581808,0.1563282843,0.7377303651
478,2021-04-27,MSFT,9427187,0.0264093343,0.1766738455,0.7431785974
479,2021-04-26,MSFT,9424698,0.0214164123,0.1707367935,0.78488544
480,2021-04-25,MSFT,9422680,0.0245638014,0.2185994722,0.7851518738
481,2021-04-24,MSFT,9420366,0.0230723664,0.2174058743,0.7888183965
482,2021-04-23,MSFT,9418193,0.0241399672,0.2187998231,0.8109668267
483,2021-04-22,MSFT,9415920,0.011864295,0.2250399105,0.8117146435
484,2021-04-21,MSFT,9414803,0.0450770151,0.2366550174,0.826527088
485,2021-04-20,MSFT,9410561,0.0204811878,0.2127557163,0.8153342445
486,2021-04-18,MSFT,9408634,0.0692077442,0.2101203271,0.8277434218
487,2021-04-15,MSFT,9402127,0.0233725145,0.1648937763,0.787454329
488,2021-04-14,MSFT,9399930,0.0244636122,0.1589342328,0.8170315984
489,2021-04-13,MSFT,9397631,0.0303679342,0.1588664274,0.8142048265
490,2021-04-12,MSFT,9394778,0.0234546969,0.1493801412,0.8029988179
491,2021-04-11,MSFT,9392575,0.0212233917,0.1448023104,0.8057418836
492,2021-04-10,MSFT,9390582,0.017850855,0.1501946515,0.8058926249
493,2021-04-09,MSFT,9388906,0.0240447896,0.1578710377,0.8083322265
494,2021-04-08,MSFT,9386649,0.0174213912,0.1659464024,0.8038080715
495,2021-04-07,MSFT,9385014,0.0243958978,0.1839924046,0.7998783315
496,2021-04-06,MSFT,9382725,0.0208938184,0.2175520545,0.7877963165
497,2021-04-05,MSFT,9380765,0.0188826222,0.2168588615,0.7865220086
498,2021-04-04,MSFT,9378994,0.0266090787,0.2281664304,0.7825779166
499,2021-04-03,MSFT,9376499,0.0255170973,0.2694598324,0.7727361491
500,2021-04-02,MSFT,9374107,0.0321093643,0.265614207,0.7638465939
501,2021-04-01,MSFT,9371098,0.0354406349,0.2616983775,0.7487214905
502,2021-03-31,MSFT,9367778,0.057902086,0.2713320058,0.7187346554
503,2021-03-29,MSFT,9362357,0.0202019857,0.238241433,0.6703105306
504,2021-03-28,MSFT,9360466,0.0301678532,0.2446125219,0.664784673
505,2021-03-27,MSFT,9357643,0.0678194403,0.2484237428,0.6485832187
506,2021-03-25,MSFT,9351301,0.0216808278,0.2133336134,0.6027038675
507,2021-03-24,MSFT,9349274,0.0282026543,0.2208889844,0.6179606352
508,2021-03-23,MSFT,9346638,0.0450525233,0.2454591242,0.6178976967
509,2021-03-22,MSFT,9342429,0.0248819473,0.2220188027,0.5990548301
510,2021-03-21,MSFT,9340105,0.0265592161,0.2163748067,0.5870274778
511,2021-03-20,MSFT,9337625,0.0339709211,0.215991414,0.578094142
512,2021-03-19,MSFT,9334454,0.0327925281,0.2033705297,0.5651911179
513,2021-03-18,MSFT,9331394,0.0292217496,0.1908280356,0.556848698
514,2021-03-17,MSFT,9328668,0.0527255551,0.1811465023,0.552535854
515,2021-03-15,MSFT,9323752,0.0216590628,0.1418929362,0.5208593878
516,2021-03-14,MSFT,9321733,0.019249053,0.1326295848,0.5184688837
517,2021-03-13,MSFT,9319939,0.0261765495,0.1330101695,0.5156421482
518,2021-03-12,MSFT,9317500,0.0213729599,0.1217902195,0.5045669038
519,2021-03-11,MSFT,9315509,0.0202713853,0.117253844,0.4996767248
520,2021-03-10,MSFT,9313621,0.0195558324,0.1136724466,0.5012100238
521,2021-03-09,MSFT,9311800,0.0135223077,0.1112083958,0.5582441497
522,2021-03-08,MSFT,9310541,0.0124068333,0.1033445154,0.5604162333
523,2021-03-07,MSFT,9309386,0.0196292068,0.1007309878,0.5725016213
524,2021-03-06,MSFT,9307559,0.0149685703,0.0958096068,0.5786246464
525,2021-03-05,MSFT,9306166,0.0168411342,0.094908846,0.5883655082
526,2021-03-04,MSFT,9304599,0.0166934572,0.1002767211,0.60414827
527,2021-03-03,MSFT,9303046,0.017094098,0.1204495895,0.6221169846
528,2021-03-02,MSFT,9301456,0.0056661007,0.1315069909,0.6346673274
529,2021-03-01,MSFT,9300929,0.00979568,0.1521838102,0.6484902828
530,2021-02-28,MSFT,9300018,0.014711813,0.1553158246,0.6523449841
531,2021-02-27,MSFT,9298650,0.014068537,0.1582838349,0.6615070696
532,2021-02-26,MSFT,9297342,0.0222048227,0.165363193,0.6764031616
533,2021-02-25,MSFT,9295278,0.0368494813,0.1676559207,0.6766416057
534,2021-02-24,MSFT,9291854,0.0281400847,0.155722391,0.6657673919
535,2021-02-23,MSFT,9289240,0.0263169343,0.148780004,0.6434121276
536,2021-02-22,MSFT,9286796,0.0129232415,0.141734885,0.6349449221
537,2021-02-21,MSFT,9285596,0.0176756565,0.1452525246,0.6410482905
538,2021-02-20,MSFT,9283955,0.0211377018,0.1427288896,0.6510257857
539,2021-02-19,MSFT,9281993,0.0244942735,0.138091849,0.6746464562
540,2021-02-18,MSFT,9279720,0.0249315353,0.1353918827,0.7263806877
541,2021-02-17,MSFT,9277407,0.0212065411,0.1868337144,0.7176947266
542,2021-02-16,MSFT,9275440,0.0192804302,0.1813006513,0.7188213753
543,2021-02-15,MSFT,9273652,0.0164363564,0.1864549182,0.7232819948
544,2021-02-14,MSFT,9272128,0.0151552365,0.1957529128,0.7370587206
545,2021-02-13,MSFT,9270723,0.0165062913,0.2052696727,0.7468815186
546,2021-02-12,MSFT,9269193,0.0217973701,0.2213278525,0.7613634906
547,2021-02-11,MSFT,9267173,0.076316621,0.2341131842,0.7493165275
548,2021-02-08,MSFT,9260106,0.0156826251,0.1872918311,0.6828195868
549,2021-02-07,MSFT,9258654,0.0244263613,0.1910182467,0.679084544
550,2021-02-06,MSFT,9256393,0.025718572,0.1801998172,0.6914300937
551,2021-02-05,MSFT,9254013,0.024654843,0.1782941633,0.6893631967
552,2021-02-04,MSFT,9251732,0.0325342212,0.1825146128,0.6828830441
553,2021-02-03,MSFT,9248723,0.0345572476,0.1724069771,0.6639185069
554,2021-02-02,MSFT,9245528,0.0295689778,0.1638823709,0.6472736053
555,2021-02-01,MSFT,9242795,0.0194026579,0.1402080683,0.6302184779
556,2021-01-31,MSFT,9241002,0.0136259201,0.1387052429,0.6274486488
557,2021-01-30,MSFT,9239743,0.0238158567,0.1440749151,0.6325541863
558,2021-01-29,MSFT,9237543,0.0288688198,0.1478549486,0.6204947009
559,2021-01-28,MSFT,9234877,0.0224417173,0.1636154048,0.6041230047
560,2021-01-27,MSFT,9232805,0.0260443723,0.2171435394,0.6023410451
561,2021-01-26,MSFT,9230401,0.0059264209,0.2073866246,0.5811770341
562,2021-01-25,MSFT,9229854,0.0179016454,0.2238186378,0.5952762414
563,2021-01-24,MSFT,9228202,0.0189888852,0.2296390194,0.5941991512
564,2021-01-23,MSFT,9226450,0.027591351,0.240789971,0.5961662148
565,2021-01-22,MSFT,9223905,0.0446105509,0.2381005423,0.5802067804
566,2021-01-20,MSFT,9219792,0.0758944078,0.2243467171,0.5443695301
567,2021-01-17,MSFT,9212800,0.0163060624,0.1581931518,0.4794280455
568,2021-01-16,MSFT,9211298,0.0223253988,0.1521423939,0.472656691
569,2021-01-15,MSFT,9209242,0.0237100685,0.1417758893,0.4561367607
570,2021-01-14,MSFT,9207059,0.0301164012,0.1547727789,0.4395442799
571,2021-01-13,MSFT,9204287,0.0249076423,0.1483136786,0.4275676206
572,2021-01-12,MSFT,9201995,0.0308832747,0.1416152518,0.4108422818
573,2021-01-11,MSFT,9199154,0.0098388291,0.1244051301,0.4059282929
574,2021-01-10,MSFT,9198249,0.0102638762,0.1325920805,0.4072507399
575,2021-01-09,MSFT,9197305,0.0119723312,0.1349496076,0.4031494344
576,2021-01-08,MSFT,9196204,0.036691635,0.1396326691,0.4011261359
577,2021-01-07,MSFT,9192831,0.0236653401,0.1216228344,0.3650569022
578,2021-01-06,MSFT,9190656,0.0182174696,0.1097752233,0.3119380368
579,2021-01-05,MSFT,9188982,0.0136921832,0.1041459909,0.3133748372
580,2021-01-04,MSFT,9187724,0.0180164116,0.1111301794,0.32108516
581,2021-01-03,MSFT,9186069,0.0126185232,0.09810325,0.3244082122
582,2021-01-02,MSFT,9184910,0.0166496413,0.1054359801,0.3351346498
583,2021-01-01,MSFT,9183381,0.018700314,0.1056172368,0.3340944117
584,2020-12-31,MSFT,9181664,0.0118293206,0.107863574,0.3406263814
585,2020-12-30,MSFT,9180578,0.0125933855,0.1077562706,0.3510974199
586,2020-12-29,MSFT,9179422,0.0206700608,0.1041235681,0.3631011396
587,2020-12-28,MSFT,9177525,0.0050015986,0.0947011629,0.3612557945
588,2020-12-27,MSFT,9177066,0.0199449911,0.0992695762,0.3973746992
589,2020-12-25,MSFT,9175236,0.0168307373,0.0851929429,0.3994317374
590,2020-12-24,MSFT,9173692,0.0209447009,0.0755446277,0.4005321166
591,2020-12-22,MSFT,9171771,0.0117221201,0.0727869854,0.4037927133
592,2020-12-21,MSFT,9170696,0.0089641363,0.0693121079,0.4130528376
593,2020-12-20,MSFT,9169874,0.0112555108,0.0863461247,0.4196328008
594,2020-12-19,MSFT,9168842,0.0095659178,0.0862465985,0.4286225959
595,2020-12-18,MSFT,9167965,0.005879513,0.0828568699,0.4382247783
596,2020-12-17,MSFT,9167426,0.0071890122,0.0869374111,0.4644250052
597,2020-12-16,MSFT,9166767,0.0181885631,0.0804965918,0.4793580207
598,2020-12-15,MSFT,9165100,0.008249363,0.0330056201,0.4741362772
599,2020-12-14,MSFT,9164344,0.0259878805,0.0444091423,0.4841787218
600,2020-12-13,MSFT,9161963,0.0111560592,0.0397998847,0.4733738453
601,2020-12-12,MSFT,9160941,0.0061787863,0.0499761641,0.4819126457
602,2020-12-11,MSFT,9160375,0.0099569156,0.067116506,0.49343989
603,2020-12-10,MSFT,9159463,0.0007533249,0.0727755282,0.5127658697
604,2020-12-09,MSFT,9159394,-0.0292728417,0.0972515695,0.5533544941
605,2020-12-08,MSFT,9162076,0.0196500629,0.1488556869,0.6490392062
606,2020-12-07,MSFT,9160276,0.0213794716,0.1537685765,0.6655152754
607,2020-12-06,MSFT,9158318,0.0213294249,0.1512167436,0.6590863928
608,2020-12-05,MSFT,9156365,0.023311625,0.1709051441,0.656372995
609,2020-12-04,MSFT,9154231,0.0156127053,0.1695858715,0.6531625066
610,2020-12-03,MSFT,9152802,0.0252117508,0.1719036521,0.6584566975
611,2020-12-02,MSFT,9150495,0.0222660475,0.1708833773,0.6532648503
612,2020-12-01,MSFT,9148458,0.0245566143,0.1695614527,0.6424047886
613,2020-11-30,MSFT,9146212,0.0188310119,0.1605093546,0.626729585
614,2020-11-29,MSFT,9144490,0.0409922913,0.1618890414,0.6178910238
615,2020-11-27,MSFT,9140743,0.0219942961,0.1399983611,0.5837011749
616,2020-11-26,MSFT,9138733,0.0179269232,0.1499827891,0.5349884963
617,2020-11-25,MSFT,9137095,0.0241929701,0.1541153794,0.5253514445
618,2020-11-24,MSFT,9134885,0.0209460841,0.1428986445,0.5015569411
619,2020-11-23,MSFT,9132972,0.0155176199,0.1401945092,0.4943195723
620,2020-11-22,MSFT,9131555,0.020208747,0.139908806,0.4887565847
621,2020-11-21,MSFT,9129710,0.0191280334,0.1393549746,0.4710735362
622,2020-11-20,MSFT,9127964,0.0319669586,0.137876621,0.4555072132
623,2020-11-19,MSFT,9125047,0.0220540642,0.1350966384,0.4306333316
624,2020-11-18,MSFT,9123035,0.0129907859,0.1541993299,0.4146449625
625,2020-11-17,MSFT,9121850,0.0182452419,0.2071406397,0.3914582875
626,2020-11-16,MSFT,9120186,0.0152322724,0.2249520754,0.3929555524
627,2020-11-15,MSFT,9118797,0.0196555777,0.2247110246,0.404412299
628,2020-11-14,MSFT,9117005,0.0176514547,0.2236865697,0.4079753206
629,2020-11-13,MSFT,9115396,0.0291899162,0.2261615312,0.4109675958
630,2020-11-12,MSFT,9112736,0.0411351907,0.2178286007,0.4361211952
631,2020-11-11,MSFT,9108989,0.0658574531,0.1967087393,0.2516033232
632,2020-11-10,MSFT,9102994,0.0360231023,0.1422542396,0.2656496245
633,2020-11-09,MSFT,9099716,0.014991726,0.1151800584,0.2607080125
634,2020-11-08,MSFT,9098352,0.0186332188,0.1102292235,0.2561954676
635,2020-11-07,MSFT,9096657,0.0201213283,0.0985838218,0.2998192286
636,2020-11-06,MSFT,9094827,0.0208733621,0.0519796148,0.3130665466
637,2020-11-05,MSFT,9092929,0.0200525657,0.0394417903,0.3219750421
638,2020-11-04,MSFT,9091106,0.0114740679,0.0199025293,0.3322923515
639,2020-10-31,MSFT,9090063,0.0089776414,0.022171978,0.3785204706
640,2020-10-30,MSFT,9089247,0.0100458456,0.0231756061,0.3803393733
641,2020-10-29,MSFT,9088334,0.006998472,0.0157369331,0.3998280628
642,2020-10-28,MSFT,9087698,-0.0264463479,0.0123698987,0.4460647609
643,2020-10-23,MSFT,9090102,0.0083394357,0.0460272598,0.4965068735
644,2020-10-22,MSFT,9089344,0.0005170917,0.0438177319,0.5043493107
645,2020-10-21,MSFT,9089297,0.0137433253,0.0331928982,0.5203352662
646,2020-10-20,MSFT,9088048,0.0099811371,0.039187679,0.5364311548
647,2020-10-19,MSFT,9087141,0.002608149,0.0558573224,0.5432926925
648,2020-10-18,MSFT,9086904,0.0036317318,0.0764650861,0.5589062634
649,2020-10-17,MSFT,9086574,0.0071979502,0.0934778337,0.562499087
650,2020-10-15,MSFT,9085920,0.0061307402,0.1405683529,0.576287498
651,2020-10-14,MSFT,9085363,-0.0101031434,-0.0084194279,0.6223607067
652,2020-10-13,MSFT,9086281,0.0197369406,0.08156296,0.66787067
653,2020-10-12,MSFT,9084488,0.0266459137,0.0929258464,0.7077990032
654,2020-10-11,MSFT,9082068,0.0232049455,0.0767594678,0.7086478052
655,2020-10-10,MSFT,9079961,0.0206320979,0.1157289873,0.7188450205
656,2020-10-09,MSFT,9078088,0.0542478778,0.1284406685,0.7758264692
657,2020-10-07,MSFT,9073166,-0.1426570262,0.1039305382,0.8048463657
658,2020-10-05,MSFT,9086128,0.0798777294,0.2773535848,0.9806072399
659,2020-10-01,MSFT,9078876,0.0310928075,0.2549861773,0.9099357353
660,2020-09-30,MSFT,9076054,0.0104902402,0.2346377748,0.7967851836
661,2020-09-29,MSFT,9075102,0.062153611,0.2536526994,0.793298204
662,2020-09-27,MSFT,9069465,0.0333317046,0.244535936,0.7560034457
663,2020-09-26,MSFT,9066443,0.0297559089,0.2349424976,0.7547345521
664,2020-09-25,MSFT,9063746,0.0303388247,0.2213024446,0.6910371579
665,2020-09-24,MSFT,9060997,0.0575543699,0.2073599626,0.6776661396
666,2020-09-23,MSFT,9055785,0.0107898478,0.1795220717,0.6493235851
667,2020-09-22,MSFT,9054808,0.0294626431,0.1855491203,0.6671857816
668,2020-09-21,MSFT,9052141,0.053054262,0.1742065617,0.6618648043
669,2020-09-20,MSFT,9047341,0.0237584785,0.1283014976,0.3663839533
670,2020-09-19,MSFT,9045192,0.0161437778,0.1254502644,0.3546788585
671,2020-09-18,MSFT,9043732,0.016422909,0.1612883755,0.3604493982
672,2020-09-17,MSFT,9042247,0.0297580954,0.1800133149,0.3586931706
673,2020-09-16,MSFT,9039557,0.016806745,0.2097079586,0.3390382498
674,2020-09-15,MSFT,9038038,0.018137756,0.2204107911,0.3341274476
675,2020-09-13,MSFT,9036399,0.0072047162,0.2356365214,0.3177922001
676,2020-09-12,MSFT,9035748,0.0209102223,0.3058102618,0.3022806085
677,2020-09-11,MSFT,9033859,0.0519427646,0.3681370521,0.2944933867
678,2020-09-10,MSFT,9029169,0.0351207661,0.347581334,0.2850891003
679,2020-09-09,MSFT,9025999,0.0594082016,0.322218195,0.2716978935
680,2020-09-08,MSFT,9020640,0.0274889747,0.1813687202,0.2455285554
681,2020-09-07,MSFT,9018161,0.0333327565,0.1608787344,0.2353454551
682,2020-09-06,MSFT,9015156,0.0772185342,0.1526649035,0.2145432297
683,2020-09-03,MSFT,9008200,0.083059985,0.1074842463,0.1947904537
684,2020-08-31,MSFT,9000724,0.0314518042,-0.0090873319,0.1469482617
685,2020-08-29,MSFT,8997894,0.0098366024,-0.0234777595,0.1809468692
686,2020-08-28,MSFT,8997009,-0.0810722955,-0.0039344861,0.1923887937
687,2020-08-27,MSFT,9004309,0.0070304618,0.1057611534,0.2720861624
688,2020-08-26,MSFT,9003676,0.0251293852,0.1229229918,0.2749642025
689,2020-08-25,MSFT,9001414,0.0320719122,-0.1431057316,0.2575434456
690,2020-08-24,MSFT,8998528,-0.0334831521,-0.1630493151,0.2176415021
691,2020-08-23,MSFT,9001542,0.0170555423,-0.1077430869,0.2585001024
692,2020-08-22,MSFT,9000007,0.029386388,-0.1101229544,0.2530831419
693,2020-08-21,MSFT,8997363,0.0285387239,-0.1293149427,0.2613129858
694,2020-08-20,MSFT,8994796,0.024175374,-0.1459157144,0.2229356281
695,2020-08-19,MSFT,8992622,-0.2406394985,-0.1681991764,0.2173603423
696,2020-08-16,MSFT,9014314,0.012093342,0.0643502144,0.4615117315
697,2020-08-15,MSFT,9013224,0.0218948512,0.0654022672,0.4759810071
698,2020-08-14,MSFT,9011251,0.0146727016,0.0860776269,0.4794467774
699,2020-08-13,MSFT,9009929,0.0101675955,0.0931729253,0.4765032563
700,2020-08-12,MSFT,9009013,0.0119117134,0.1163187919,0.4720248993
701,2020-08-11,MSFT,9007940,0.0018539544,0.1217407561,0.4769788174
702,2020-08-10,MSFT,9007773,-0.008258851,0.1324721072,0.4861564226
703,2020-08-09,MSFT,9008517,0.0131448454,0.1983163244,0.5002411399
704,2020-08-08,MSFT,9007333,0.0425612215,0.2204835885,0.5204730213
705,2020-08-06,MSFT,9003501,0.0217629379,0.2433742071,0.4908408081
706,2020-08-05,MSFT,9001542,0.0332942678,0.2428691365,0.5055568377
707,2020-08-03,MSFT,8998546,0.0173280233,0.2079093297,0.4854454581
708,2020-08-02,MSFT,8996987,0.0125724556,0.2004680483,0.4717051191
709,2020-08-01,MSFT,8995856,0.0574928256,0.1956385686,0.4827067231
710,2020-07-29,MSFT,8990687,0.0352711433,0.1303153831,0.4222550434
711,2020-07-28,MSFT,8987517,0.0654112021,0.1022907036,0.3968278349
712,2020-07-27,MSFT,8981642,0.021258984,0.0485113153,0.3375103196
713,2020-07-25,MSFT,8979733,-0.0015924496,0.0648546515,0.3235362662
714,2020-07-23,MSFT,8979876,0.0099008942,0.0566921469,0.3431716814
715,2020-07-22,MSFT,8978987,0.0077520321,0.065406473,0.3693180421
716,2020-07-21,MSFT,8978291,-0.007740295,0.0600474562,0.3722866096
717,2020-07-20,MSFT,8978986,0.0072730651,0.094308851,0.3862063167
718,2020-07-19,MSFT,8978333,0.011651627,0.1123964723,0.3989530627
719,2020-07-18,MSFT,8977287,0.0375978684,0.1124877331,0.4137671072
720,2020-07-16,MSFT,8973913,-0.0097495339,0.0805760165,0.3770607893
721,2020-07-15,MSFT,8974788,0.018611145,0.1071925175,0.3969099618
722,2020-07-14,MSFT,8973118,0.002396103,0.0995627827,0.3807886696
723,2020-07-13,MSFT,8972903,0.0264978888,0.1029265111,0.382751835
724,2020-07-11,MSFT,8970526,0.0253449585,0.1097124721,0.3631433549
725,2020-07-09,MSFT,8968253,0.011742796,0.0974270508,0.3436741017
726,2020-07-08,MSFT,8967200,0.0057100236,0.1221156636,0.3330598394
727,2020-07-07,MSFT,8966688,0.016842945,0.1296918373,0.3331238278
728,2020-07-06,MSFT,8965178,0.0109881615,0.1164857031,0.3195503088
729,2020-07-05,MSFT,8964193,0.0057565662,0.1290345497,0.3143765177
730,2020-07-04,MSFT,8963677,0.0332786687,0.1205645154,0.3271607073
731,2020-07-01,MSFT,8960695,0.0130698908,0.097207404,0.3008792996
732,2020-06-30,MSFT,8959524,0.0364102751,0.090421307,0.2908926218
733,2020-06-27,MSFT,8956263,0.0132773889,0.0613243056,0.2676786285
734,2020-06-25,MSFT,8955074,0.0036516945,0.0660285066,0.2624267561
735,2020-06-24,MSFT,8954747,0.0235237848,0.0983573792,0.2698460403
736,2020-06-22,MSFT,8952641,-0.0027030399,0.0855339134,0.26112839
737,2020-06-20,MSFT,8952883,0.0099419202,0.0943714544,0.2823130178
738,2020-06-19,MSFT,8951993,0.0062894979,0.1044096966,0.2875764186
739,2020-06-18,MSFT,8951430,0.0073289751,0.1245484629,0.2953028737
740,2020-06-16,MSFT,8950774,0.017979331,0.118241163,0.3070587426
741,2020-06-14,MSFT,8949165,0.0359604147,0.1102770047,0.2966929711
742,2020-06-10,MSFT,8945948,0.0107099058,0.0768423682,0.2810598736
743,2020-06-04,MSFT,8944990,0.0061267097,0.0704801263,0.2797972025
744,2020-06-03,MSFT,8944442,0.0199716952,0.0713129504,0.2801404346
745,2020-06-01,MSFT,8942656,0.0264085246,0.0572752874,0.2791844902
746,2020-05-30,MSFT,8940295,0.0010290594,0.0320226177,0.273263667
747,2020-05-29,MSFT,8940203,0.0100231483,0.036768832,0.2995117746
748,2020-05-28,MSFT,8939307,0.0025505983,0.0300561029,0.320590658
749,2020-05-27,MSFT,8939079,0.0043518681,0.0333366905,0.3458133804
750,2020-05-26,MSFT,8938690,0.0069589983,0.0474903483,0.371676666
751,2020-05-25,MSFT,8938068,0.0059412341,0.0476056422,0.3741034986
752,2020-05-24,MSFT,8937537,0.0011636451,0.0447750986,0.383392775
753,2020-05-23,MSFT,8937433,0.0057738032,0.0568719127,0.3960605133
754,2020-05-22,MSFT,8936917,0.0033122139,0.0591381085,0.4252239221
755,2020-05-21,MSFT,8936621,0.0058302839,0.0668820448,0.4367729489
756,2020-05-20,MSFT,8936100,0.0185014249,0.0758848038,0.4479754215
757,2020-05-19,MSFT,8934447,0.0070742454,0.0758091773,0.4556256608
758,2020-05-18,MSFT,8933815,0.0031118694,0.083931536,0.4596681614
759,2020-05-17,MSFT,8933537,0.013255186,0.0948227432,0.4643596752
760,2020-05-16,MSFT,8932353,0.0080388417,0.1006233741,0.4697212514
761,2020-05-15,MSFT,8931635,0.0110518296,0.1002275995,0.4827803142
762,2020-05-14,MSFT,8930648,0.0148275502,0.1095520339,0.4898213898
763,2020-05-13,MSFT,8929324,0.0184258417,0.1041700299,0.4934794714
764,2020-05-12,MSFT,8927679,0.0151910255,0.0922029429,0.4978922038
765,2020-05-11,MSFT,8926323,0.0139942817,0.0960330953,0.5037503454
766,2020-05-10,MSFT,8925074,0.0190510899,0.1025467783,0.5083823859
767,2020-05-09,MSFT,8923374,0.0076434332,0.1107084014,0.5119666517
768,2020-05-08,MSFT,8922692,0.0203679572,0.1341302743,0.52420173
769,2020-05-07,MSFT,8920875,0.0094506387,0.1414640077,0.6727257728
770,2020-05-06,MSFT,8920032,0.0064690051,0.162167807,1.0941704686
771,2020-05-05,MSFT,8919455,0.0190182309,0.1650803419,1.4226994687
772,2020-05-03,MSFT,8917759,0.0205026261,0.1612529682,1.6989474707
773,2020-05-02,MSFT,8915931,0.0272059053,0.1545240349,1.7010417936
