,Date,Ticker,Mentions,Rank,Sentiment
0,2018-08-01,MSFT,8,5,0.0475625
1,2018-08-02,MSFT,17,2,-0.2834529412
2,2018-08-03,MSFT,7,8,0.3207428571
3,2018-08-06,MSFT,7,4,0.093
4,2018-08-07,MSFT,9,6,0.1835888889
5,2018-08-08,MSFT,6,7,0.1845
6,2018-08-09,MSFT,7,9,0.0390428571
7,2018-08-10,MSFT,9,3,0.2322
8,2018-08-13,MSFT,4,15,-0.146375
9,2018-08-14,MSFT,16,3,0.0924875
10,2018-08-15,MSFT,8,7,0.096775
11,2018-08-16,MSFT,19,3,-0.2172
12,2018-08-17,MSFT,33,1,0.2437484848
13,2018-08-20,MSFT,18,4,-0.1098222222
14,2018-08-21,MSFT,22,2,-0.0259909091
15,2018-08-22,MSFT,19,2,0.0092421053
16,2018-08-23,MSFT,12,5,0.0023333333
17,2018-08-24,MSFT,13,7,0.1254307692
18,2018-08-25,MSFT,1,5,0.6808
19,2018-08-27,MSFT,12,7,0.291025
20,2018-08-28,MSFT,13,3,-0.0274153846
21,2018-08-29,MSFT,21,5,0.0471285714
22,2018-08-30,MSFT,21,9,0.1066428571
23,2018-08-31,MSFT,25,5,0.122832
24,2018-09-01,MSFT,2,2,0.28595
25,2018-09-04,MSFT,30,4,0.05618
26,2018-09-05,MSFT,38,5,0.1340368421
27,2018-09-06,MSFT,45,5,0.0922622222
28,2018-09-07,MSFT,21,7,0.0655809524
29,2018-09-09,MSFT,1,7,0.2755
30,2018-09-10,MSFT,32,4,0.09840625
31,2018-09-11,MSFT,45,5,0.14008
32,2018-09-12,MSFT,20,7,0.036645
33,2018-09-13,MSFT,30,6,0.3388533333
34,2018-09-14,MSFT,25,5,0.197396
35,2018-09-17,MSFT,22,9,0.1415590909
36,2018-09-18,MSFT,27,8,0.1651481481
37,2018-09-19,MSFT,77,3,0.0771662338
38,2018-09-20,MSFT,63,4,0.2294809524
39,2018-09-21,MSFT,47,3,0.1860468085
40,2018-09-22,MSFT,2,6,0.1976
41,2018-09-23,MSFT,1,8,0.0
42,2018-09-24,MSFT,57,1,0.1033421053
43,2018-09-25,MSFT,48,4,0.11934375
44,2018-09-26,MSFT,27,7,0.1374925926
45,2018-09-27,MSFT,17,11,0.1401647059
46,2018-09-28,MSFT,59,2,0.1281542373
47,2018-09-29,MSFT,7,2,0.3434857143
48,2018-09-30,MSFT,1,32,0.9777
49,2018-10-01,MSFT,46,6,0.2913478261
50,2018-10-02,MSFT,49,6,0.1647510204
51,2018-10-03,MSFT,46,5,0.1621695652
52,2018-10-04,MSFT,177,1,0.0304214689
53,2018-10-05,MSFT,127,2,0.0827582677
54,2018-10-06,MSFT,7,2,-0.1073285714
55,2018-10-07,MSFT,2,6,-0.31845
56,2018-10-08,MSFT,93,1,-0.0903752688
57,2018-10-09,MSFT,50,2,0.094948
58,2018-10-10,MSFT,94,2,0.062243617
59,2018-10-11,MSFT,57,5,0.0731333333
60,2018-10-12,MSFT,44,6,0.0220068182
61,2018-10-13,MSFT,8,3,0.3093
62,2018-10-14,MSFT,2,6,-0.20695
63,2018-10-15,MSFT,29,7,-0.0753482759
64,2018-10-16,MSFT,31,5,0.1333677419
65,2018-10-17,MSFT,20,7,0.03042
66,2018-10-18,MSFT,33,5,0.0616030303
67,2018-10-19,MSFT,41,3,0.1135878049
68,2018-10-20,MSFT,1,10,-0.1027
69,2018-10-22,MSFT,51,1,0.1354372549
70,2018-10-23,MSFT,113,1,0.0334530973
71,2018-10-24,MSFT,314,1,0.0532703822
72,2018-10-25,MSFT,122,1,-0.0097139344
73,2018-10-26,MSFT,46,6,0.103773913
74,2018-10-29,MSFT,46,4,0.0243891304
75,2018-10-30,MSFT,96,2,-0.0124322917
76,2018-10-31,MSFT,34,5,0.0896411765
77,2018-11-01,MSFT,63,4,0.0182333333
78,2018-11-02,MSFT,32,6,-0.096246875
79,2018-11-03,MSFT,4,14,0.4923
80,2018-11-05,MSFT,31,6,0.1519451613
81,2018-11-06,MSFT,23,5,0.0355913043
82,2018-11-07,MSFT,36,4,0.1254805556
83,2018-11-08,MSFT,8,20,0.18655
84,2018-11-09,MSFT,9,19,0.0196555556
85,2018-11-12,MSFT,5,23,-0.34442
86,2018-11-13,MSFT,5,22,0.03606
87,2018-11-14,MSFT,6,21,-0.1817833333
88,2018-11-15,MSFT,9,16,0.0367444444
89,2018-11-16,MSFT,10,17,0.22227
90,2018-11-19,MSFT,21,8,0.021
91,2018-11-20,MSFT,11,20,-0.1608
92,2018-11-21,MSFT,3,27,-0.2053
93,2018-11-23,MSFT,3,19,0.2807666667
94,2018-11-24,MSFT,2,31,-0.7891
95,2018-11-25,MSFT,2,15,-0.4215
96,2018-11-26,MSFT,12,13,0.0567
97,2018-11-27,MSFT,9,13,0.0456888889
98,2018-11-28,MSFT,26,5,-0.0247153846
99,2018-11-29,MSFT,9,13,0.1850111111
100,2018-11-30,MSFT,8,20,0.077975
101,2018-12-01,MSFT,1,46,0.4939
102,2018-12-02,MSFT,2,18,0.21645
103,2018-12-03,MSFT,19,13,0.0095
104,2018-12-04,MSFT,8,21,-0.0720375
105,2018-12-06,MSFT,8,19,0.1226875
106,2018-12-07,MSFT,5,30,0.25176
107,2018-12-08,MSFT,2,25,0.15595
108,2018-12-10,MSFT,6,24,-0.0685333333
109,2018-12-11,MSFT,10,15,-0.02165
110,2018-12-12,MSFT,5,22,-0.15122
111,2018-12-13,MSFT,5,24,-0.01554
112,2018-12-14,MSFT,8,19,0.0197125
113,2018-12-15,MSFT,1,41,0.6124
114,2018-12-17,MSFT,39,4,0.0707076923
115,2018-12-18,MSFT,30,8,-0.07199
116,2018-12-19,MSFT,42,6,0.0999166667
117,2018-12-20,MSFT,34,6,0.0147676471
118,2018-12-21,MSFT,55,5,-0.03568
119,2018-12-22,MSFT,1,55,-0.2332
120,2018-12-24,MSFT,18,9,0.0644555556
121,2018-12-25,MSFT,4,13,-0.02975
122,2018-12-26,MSFT,19,10,-0.1447052632
123,2018-12-27,MSFT,5,21,-0.0927
124,2018-12-28,MSFT,20,11,-0.0842
125,2018-12-29,MSFT,4,6,-0.061075
126,2018-12-30,MSFT,1,24,0.7184
127,2018-12-31,MSFT,7,11,-0.1812
128,2019-01-02,MSFT,9,17,0.1360222222
129,2019-01-03,MSFT,14,12,-0.1001428571
130,2019-01-04,MSFT,31,11,-0.0549419355
131,2019-01-05,MSFT,4,16,-0.02995
132,2019-01-06,MSFT,2,30,0.6124
133,2019-01-07,MSFT,9,17,0.3052555556
134,2019-01-08,MSFT,5,25,-0.54248
135,2019-01-09,MSFT,1,110,0.0
136,2019-01-10,MSFT,6,26,0.1233166667
137,2019-01-11,MSFT,20,12,0.236405
138,2019-01-12,MSFT,14,2,0.3145142857
139,2019-01-13,MSFT,6,10,-0.0220333333
140,2019-01-14,MSFT,9,24,0.1225111111
141,2019-01-15,MSFT,12,21,0.1111166667
142,2019-01-16,MSFT,12,14,0.1117333333
143,2019-01-17,MSFT,12,16,-0.0327333333
144,2019-01-18,MSFT,15,17,0.0809866667
145,2019-01-21,MSFT,2,12,0.5313
146,2019-01-22,MSFT,9,15,-0.0512222222
147,2019-01-23,MSFT,8,16,0.1089125
148,2019-01-24,MSFT,12,15,-0.032
149,2019-01-25,MSFT,12,20,0.0009333333
150,2019-01-26,MSFT,5,5,0.3326
151,2019-01-27,MSFT,4,4,0.164375
152,2019-01-28,MSFT,20,13,0.100575
153,2019-01-29,MSFT,44,6,-0.0701136364
154,2019-01-30,MSFT,101,2,0.061950495
155,2019-01-31,MSFT,61,4,-0.0091
156,2019-02-01,MSFT,62,4,-0.0421
157,2019-02-02,MSFT,4,6,-0.0859
158,2019-02-03,MSFT,3,6,-0.2869666667
159,2019-02-04,MSFT,40,5,0.1792375
160,2019-02-05,MSFT,13,16,0.0521615385
161,2019-02-06,MSFT,4,41,-0.0884
162,2019-02-07,MSFT,13,14,0.0727538462
163,2019-02-08,MSFT,8,23,-0.022275
164,2019-02-09,MSFT,1,55,0.9153
165,2019-02-11,MSFT,8,16,-0.25365
166,2019-02-12,MSFT,10,16,0.12219
167,2019-02-13,MSFT,4,35,0.074325
168,2019-02-14,MSFT,7,25,0.3516
169,2019-02-15,MSFT,6,30,-0.0634666667
170,2019-02-18,MSFT,1,57,0.2023
171,2019-02-20,MSFT,5,28,0.16924
172,2019-02-21,MSFT,18,9,0.1000333333
173,2019-02-22,MSFT,18,9,0.1828
174,2019-02-24,MSFT,4,4,0.208075
175,2019-02-25,MSFT,5,33,0.15476
176,2019-02-26,MSFT,9,24,0.1663555556
177,2019-02-27,MSFT,5,33,-0.31978
178,2019-02-28,MSFT,5,30,-0.43412
179,2019-03-01,MSFT,3,53,-0.1807666667
180,2019-03-02,MSFT,1,51,0.2617
181,2019-03-03,MSFT,3,10,-0.3178
182,2019-03-04,MSFT,1,117,-0.4601
183,2019-03-05,MSFT,3,48,0.2013
184,2019-03-06,MSFT,2,62,0.0
185,2019-03-07,MSFT,2,74,0.0
186,2019-03-08,MSFT,1,133,0.0
187,2019-03-11,MSFT,3,40,-0.0225
188,2019-03-12,MSFT,5,28,0.11154
189,2019-03-13,MSFT,4,38,0.345175
190,2019-03-14,MSFT,9,21,0.2334888889
191,2019-03-15,MSFT,45,5,0.0009644444
192,2019-03-16,MSFT,6,15,0.0
193,2019-03-17,MSFT,4,11,0.0
194,2019-03-19,MSFT,18,11,0.1691944444
195,2019-03-20,MSFT,11,17,0.1019636364
196,2019-03-21,MSFT,21,12,0.0627952381
197,2019-03-22,MSFT,17,17,0.1194647059
198,2019-03-23,MSFT,4,20,0.1096
199,2019-03-25,MSFT,5,23,0.25304
200,2019-03-26,MSFT,18,11,0.1132555556
201,2019-03-27,MSFT,16,11,0.22433125
202,2019-03-28,MSFT,12,12,0.0318166667
203,2019-03-29,MSFT,14,15,0.19135
204,2019-03-30,MSFT,4,5,0.01645
205,2019-03-31,MSFT,3,7,0.1932333333
206,2019-04-01,MSFT,9,22,0.0647444444
207,2019-04-02,MSFT,10,14,0.12747
208,2019-04-03,MSFT,12,16,0.1608916667
209,2019-04-04,MSFT,17,14,0.1380058824
210,2019-04-05,MSFT,20,8,0.2553
211,2019-04-06,MSFT,1,44,0.5719
212,2019-04-08,MSFT,10,19,-0.08891
213,2019-04-09,MSFT,15,10,0.0284533333
214,2019-04-10,MSFT,4,45,0.082675
215,2019-04-11,MSFT,4,41,0.28795
216,2019-04-12,MSFT,15,20,0.1769
217,2019-04-13,MSFT,6,9,0.25965
218,2019-04-14,MSFT,1,37,0.5106
219,2019-04-15,MSFT,10,21,-0.01689
220,2019-04-16,MSFT,15,20,0.1535266667
221,2019-04-17,MSFT,16,16,-0.16323125
222,2019-04-18,MSFT,55,3,0.1546454545
223,2019-04-19,MSFT,17,4,0.2928882353
224,2019-04-20,MSFT,6,10,-0.3723666667
225,2019-04-21,MSFT,4,9,0.1806
226,2019-04-22,MSFT,20,6,0.01739
227,2019-04-23,MSFT,91,3,0.0472076923
228,2019-04-24,MSFT,180,1,0.0929094444
229,2019-04-25,MSFT,123,3,0.1175804878
230,2019-04-26,MSFT,31,10,0.2116193548
231,2019-04-27,MSFT,3,21,0.2195
232,2019-04-28,MSFT,1,90,0.9967
233,2019-04-29,MSFT,18,16,0.1632722222
234,2019-04-30,MSFT,24,11,0.1057708333
235,2019-05-01,MSFT,58,8,-0.2046103448
236,2019-05-02,MSFT,54,8,0.0959296296
237,2019-05-03,MSFT,54,3,0.113637037
238,2019-05-04,MSFT,3,16,0.3032333333
239,2019-05-05,MSFT,3,22,0.4879666667
240,2019-05-06,MSFT,20,13,-0.10863
241,2019-05-07,MSFT,37,7,0.1182783784
242,2019-05-08,MSFT,42,11,0.1101714286
243,2019-05-09,MSFT,18,13,-0.0400611111
244,2019-05-10,MSFT,30,11,0.1987566667
245,2019-05-11,MSFT,2,25,-0.31095
246,2019-05-12,MSFT,1,39,0.0
247,2019-05-13,MSFT,18,14,0.0617166667
248,2019-05-14,MSFT,5,32,0.52304
249,2019-05-15,MSFT,44,11,0.3181772727
250,2019-05-16,MSFT,33,6,-0.0049666667
251,2019-05-17,MSFT,28,8,0.2374714286
252,2019-05-19,MSFT,1,54,0.4939
253,2019-05-20,MSFT,15,10,0.0632533333
254,2019-05-21,MSFT,17,7,0.1439235294
255,2019-05-22,MSFT,16,9,-0.083475
256,2019-05-23,MSFT,30,6,0.1761666667
257,2019-05-24,MSFT,17,7,0.1796
258,2019-05-25,MSFT,1,44,-0.2023
259,2019-05-27,MSFT,5,4,0.67566
260,2019-05-28,MSFT,13,13,0.2128461538
261,2019-05-29,MSFT,27,8,0.2100962963
262,2019-05-30,MSFT,12,14,0.173175
263,2019-05-31,MSFT,20,11,0.113925
264,2019-06-01,MSFT,1,69,0.891
265,2019-06-02,MSFT,2,17,0.0
266,2019-06-03,MSFT,75,3,-0.0391106667
267,2019-06-04,MSFT,34,5,0.26915
268,2019-06-05,MSFT,26,7,0.1256615385
269,2019-06-06,MSFT,35,9,0.05988
270,2019-06-07,MSFT,74,4,0.2148837838
271,2019-06-08,MSFT,14,3,0.1150571429
272,2019-06-09,MSFT,21,3,0.1949285714
273,2019-06-10,MSFT,49,4,0.0255346939
274,2019-06-11,MSFT,21,8,0.0267714286
275,2019-06-12,MSFT,22,7,0.1999045455
276,2019-06-13,MSFT,24,10,0.2341333333
277,2019-06-14,MSFT,23,7,0.1847217391
278,2019-06-15,MSFT,2,44,0.4019
279,2019-06-16,MSFT,4,14,-0.32315
280,2019-06-17,MSFT,6,19,0.0416166667
281,2019-06-18,MSFT,7,24,0.2350571429
282,2019-06-19,MSFT,21,8,0.2593238095
283,2019-06-20,MSFT,25,5,0.172208
284,2019-06-21,MSFT,22,8,0.1397818182
285,2019-06-22,MSFT,5,6,0.41614
286,2019-06-24,MSFT,39,5,0.0984589744
287,2019-06-25,MSFT,83,3,-0.111113253
288,2019-06-26,MSFT,30,4,-0.0234
289,2019-06-27,MSFT,38,3,0.0825710526
290,2019-06-28,MSFT,65,2,0.0447615385
291,2019-06-29,MSFT,10,8,0.04076
292,2019-06-30,MSFT,12,3,0.2006333333
293,2019-07-01,MSFT,28,6,0.1458535714
294,2019-07-02,MSFT,18,6,0.0743166667
295,2019-07-03,MSFT,23,4,0.1634347826
296,2019-07-04,MSFT,18,2,0.0917833333
297,2019-07-05,MSFT,26,4,0.0748615385
298,2019-07-06,MSFT,2,24,0.28105
299,2019-07-08,MSFT,26,3,0.1027038462
300,2019-07-09,MSFT,24,7,0.1018
301,2019-07-10,MSFT,50,3,-0.02316
302,2019-07-11,MSFT,68,2,0.0993764706
303,2019-07-12,MSFT,45,3,0.1476088889
304,2019-07-13,MSFT,12,4,0.2218166667
305,2019-07-14,MSFT,4,8,0.17
306,2019-07-15,MSFT,34,4,0.2508088235
307,2019-07-16,MSFT,126,1,-0.0391365079
308,2019-07-17,MSFT,110,2,-0.0493045455
309,2019-07-18,MSFT,336,1,0.0302785714
310,2019-07-19,MSFT,200,1,0.0640825
311,2019-07-20,MSFT,9,3,0.0808555556
312,2019-07-21,MSFT,5,5,0.51092
313,2019-07-22,MSFT,20,8,0.449435
314,2019-07-23,MSFT,32,6,-0.122571875
315,2019-07-24,MSFT,36,6,0.18345
316,2019-07-25,MSFT,26,11,0.1238192308
317,2019-07-26,MSFT,27,13,0.1636592593
318,2019-07-27,MSFT,2,60,0.8924
319,2019-07-28,MSFT,4,10,0.58865
320,2019-07-29,MSFT,37,5,0.0682945946
321,2019-07-30,MSFT,16,13,0.11715625
322,2019-07-31,MSFT,82,3,0.0001817073
323,2019-08-01,MSFT,78,3,0.1571358974
324,2019-08-02,MSFT,66,3,0.1837454545
325,2019-08-03,MSFT,6,5,0.2120833333
326,2019-08-04,MSFT,3,6,-0.3100333333
327,2019-08-05,MSFT,55,4,0.0830836364
328,2019-08-06,MSFT,31,6,0.0317741935
329,2019-08-07,MSFT,21,12,0.1892761905
330,2019-08-08,MSFT,33,8,0.1885151515
331,2019-08-09,MSFT,20,10,0.078215
332,2019-08-10,MSFT,1,72,0.3182
333,2019-08-11,MSFT,4,4,0.376075
334,2019-08-12,MSFT,19,10,-0.0080631579
335,2019-08-13,MSFT,12,17,0.044225
336,2019-08-14,MSFT,48,6,-0.02969375
337,2019-08-15,MSFT,32,7,-0.151596875
338,2019-08-16,MSFT,36,6,0.089875
339,2019-08-17,MSFT,2,28,0.56465
340,2019-08-19,MSFT,24,8,-0.0426541667
341,2019-08-20,MSFT,19,12,-0.0372421053
342,2019-08-21,MSFT,13,20,-0.0143384615
343,2019-08-22,MSFT,21,14,0.0976190476
344,2019-08-23,MSFT,39,11,0.0134769231
345,2019-08-24,MSFT,11,2,-0.0251090909
346,2019-08-25,MSFT,2,36,0.31845
347,2019-08-26,MSFT,21,8,0.0445619048
348,2019-08-27,MSFT,11,26,0.0377363636
349,2019-08-28,MSFT,10,26,-0.09049
350,2019-08-29,MSFT,23,13,0.1679217391
351,2019-08-30,MSFT,13,17,0.0890384615
352,2019-08-31,MSFT,4,7,-0.078975
353,2019-09-01,MSFT,3,13,0.115
354,2019-09-02,MSFT,4,8,0.389225
355,2019-09-03,MSFT,10,23,0.16218
356,2019-09-04,MSFT,10,27,0.15756
357,2019-09-05,MSFT,22,16,0.0468
358,2019-09-06,MSFT,17,12,0.0300235294
359,2019-09-07,MSFT,3,15,-0.4931666667
360,2019-09-08,MSFT,4,3,0.30155
361,2019-09-09,MSFT,55,4,-0.00866
362,2019-09-10,MSFT,52,7,0.0384826923
363,2019-09-11,MSFT,67,4,-0.0493029851
364,2019-09-12,MSFT,18,13,0.0446888889
365,2019-09-13,MSFT,46,6,-0.022776087
366,2019-09-14,MSFT,4,16,0.366075
367,2019-09-15,MSFT,6,6,0.0229166667
368,2019-09-16,MSFT,21,11,-0.1044238095
369,2019-09-17,MSFT,25,9,0.065736
370,2019-09-18,MSFT,41,6,-0.0242463415
371,2019-09-19,MSFT,98,3,0.1072989796
372,2019-09-20,MSFT,39,7,-0.0740102564
373,2019-09-21,MSFT,4,16,0.45895
374,2019-09-22,MSFT,8,5,-0.1071625
375,2019-09-23,MSFT,26,11,0.0179961538
376,2019-09-24,MSFT,36,11,0.1240722222
377,2019-09-25,MSFT,35,8,-0.04618
378,2019-09-26,MSFT,15,16,0.0821
379,2019-09-27,MSFT,39,5,0.1010846154
380,2019-09-28,MSFT,3,17,0.1158333333
381,2019-09-29,MSFT,4,5,-0.1876
382,2019-09-30,MSFT,14,9,0.1705785714
383,2019-10-01,MSFT,69,4,0.0312
384,2019-10-02,MSFT,129,2,0.0507674419
385,2019-10-03,MSFT,33,6,0.1244272727
386,2019-10-04,MSFT,19,7,-0.1476526316
387,2019-10-07,MSFT,16,8,0.319225
388,2019-10-08,MSFT,28,5,0.117475
389,2019-10-09,MSFT,13,10,0.3579846154
390,2019-10-10,MSFT,19,11,0.1015210526
391,2019-10-11,MSFT,17,10,-0.0127823529
392,2019-10-12,MSFT,6,7,0.3500833333
393,2019-10-13,MSFT,7,6,0.1982
394,2019-10-14,MSFT,16,7,-0.2292
395,2019-10-15,MSFT,24,11,-0.1234083333
396,2019-10-16,MSFT,18,9,0.1384611111
397,2019-10-17,MSFT,30,5,0.09111
398,2019-10-18,MSFT,73,4,0.0385794521
399,2019-10-19,MSFT,7,5,0.4678857143
400,2019-10-20,MSFT,12,2,0.0686083333
401,2019-10-21,MSFT,88,2,0.0588670455
402,2019-10-22,MSFT,193,1,-0.0222217617
403,2019-10-23,MSFT,358,1,0.0373807263
404,2019-10-24,MSFT,126,3,0.0669595238
405,2019-10-25,MSFT,87,4,0.0379781609
406,2019-10-26,MSFT,25,2,0.095588
407,2019-10-27,MSFT,13,2,0.1862
408,2019-10-28,MSFT,74,4,0.0413445946
409,2019-10-29,MSFT,32,6,-0.046696875
410,2019-10-30,MSFT,17,10,-0.1334705882
411,2019-10-31,MSFT,19,9,0.0958315789
412,2019-11-01,MSFT,33,7,0.0283090909
413,2019-11-02,MSFT,4,7,0.16945
414,2019-11-03,MSFT,3,9,0.5916666667
415,2019-11-04,MSFT,5,19,-0.23518
416,2019-11-05,MSFT,6,33,-0.1050833333
417,2019-11-06,MSFT,14,13,0.0834142857
418,2019-11-07,MSFT,16,13,0.03126875
419,2019-11-08,MSFT,25,6,0.102
420,2019-11-09,MSFT,3,8,-0.0787
421,2019-11-10,MSFT,1,30,-0.806
422,2019-11-11,MSFT,8,18,0.09445
423,2019-11-12,MSFT,11,13,0.1829
424,2019-11-13,MSFT,7,22,0.1206714286
425,2019-11-14,MSFT,15,15,-0.0160666667
426,2019-11-15,MSFT,25,12,0.100248
427,2019-11-16,MSFT,2,34,0.14935
428,2019-11-17,MSFT,4,7,0.718175
429,2019-11-18,MSFT,20,9,0.168675
430,2019-11-19,MSFT,24,9,0.1344083333
431,2019-11-20,MSFT,17,16,-0.0132823529
432,2019-11-21,MSFT,11,16,0.0117636364
433,2019-11-22,MSFT,13,9,-0.0982076923
434,2019-11-23,MSFT,2,21,0.18015
435,2019-11-24,MSFT,2,17,0.40015
436,2019-11-25,MSFT,13,14,0.2404692308
437,2019-11-26,MSFT,4,46,0.33805
438,2019-11-27,MSFT,5,36,0.1777
439,2019-11-29,MSFT,2,60,-0.33875
440,2019-12-02,MSFT,8,21,0.0485
441,2019-12-03,MSFT,16,13,-0.13154375
442,2019-12-04,MSFT,7,21,0.0545857143
443,2019-12-05,MSFT,1,141,0.3041
444,2019-12-06,MSFT,28,7,0.0319821429
445,2019-12-07,MSFT,3,20,-0.1862
446,2019-12-09,MSFT,5,26,-0.0799
447,2019-12-10,MSFT,4,35,-0.144
448,2019-12-11,MSFT,2,80,-0.34735
449,2019-12-12,MSFT,6,27,-0.1584
450,2019-12-13,MSFT,7,28,0.2158714286
451,2019-12-14,MSFT,2,24,0.0
452,2019-12-15,MSFT,4,7,-0.006175
453,2019-12-16,MSFT,3,40,-0.0703333333
454,2019-12-17,MSFT,7,22,0.0567428571
455,2019-12-18,MSFT,4,39,0.07225
456,2019-12-19,MSFT,15,10,0.0304133333
457,2019-12-20,MSFT,10,13,0.15314
458,2019-12-21,MSFT,6,6,0.2557833333
459,2019-12-22,MSFT,1,38,0.0516
460,2019-12-23,MSFT,7,13,0.2147714286
461,2019-12-24,MSFT,9,9,0.0778666667
462,2019-12-26,MSFT,11,13,0.0384272727
463,2019-12-27,MSFT,20,11,0.085865
464,2019-12-28,MSFT,7,5,-0.2010142857
465,2019-12-29,MSFT,2,13,-0.10965
466,2019-12-30,MSFT,16,11,-0.14316875
467,2019-12-31,MSFT,20,9,-0.18788
468,2020-01-02,MSFT,37,7,0.0582027027
469,2020-01-03,MSFT,37,8,-0.0094675676
470,2020-01-04,MSFT,7,8,0.2992857143
471,2020-01-05,MSFT,3,18,0.1871333333
472,2020-01-06,MSFT,16,16,-0.070725
473,2020-01-07,MSFT,41,7,-0.0905268293
474,2020-01-08,MSFT,43,8,-0.1110186047
475,2020-01-09,MSFT,37,8,0.0650702703
476,2020-01-10,MSFT,14,17,0.1532714286
477,2020-01-11,MSFT,1,103,0.1531
478,2020-01-12,MSFT,4,14,-0.27115
479,2020-01-13,MSFT,21,16,-0.0412142857
480,2020-01-14,MSFT,21,14,0.1683952381
481,2020-01-15,MSFT,17,22,0.1237176471
482,2020-01-16,MSFT,54,7,0.1470981481
483,2020-01-17,MSFT,115,5,0.0736843478
484,2020-01-18,MSFT,14,6,0.2624714286
485,2020-01-19,MSFT,5,7,0.35962
486,2020-01-20,MSFT,10,4,0.2215
487,2020-01-21,MSFT,52,9,-0.0003365385
488,2020-01-22,MSFT,132,5,-0.063005303
489,2020-01-23,MSFT,65,6,0.0483784615
490,2020-01-24,MSFT,124,6,0.0073548387
491,2020-01-25,MSFT,16,7,-0.09411875
492,2020-01-26,MSFT,10,5,-0.08201
493,2020-01-27,MSFT,111,4,-0.0478171171
494,2020-01-28,MSFT,106,5,0.0861924528
495,2020-01-29,MSFT,316,1,0.0920009494
496,2020-01-30,MSFT,186,3,0.1121043011
497,2020-01-31,MSFT,78,12,-0.0108576923
498,2020-02-01,MSFT,13,11,0.1012769231
499,2020-02-02,MSFT,3,30,0.0421666667
500,2020-02-03,MSFT,52,9,0.1121903846
501,2020-02-04,MSFT,253,4,0.1564513834
502,2020-02-05,MSFT,904,2,0.0567966814
503,2020-02-06,MSFT,343,2,0.0964696793
504,2020-02-07,MSFT,546,1,0.0562304029
505,2020-02-08,MSFT,86,2,0.1134348837
506,2020-02-09,MSFT,58,1,0.0919931034
507,2020-02-10,MSFT,641,1,0.0712659906
508,2020-02-11,MSFT,1315,1,0.0373427376
509,2020-02-12,MSFT,976,1,0.0243206967
510,2020-02-13,MSFT,740,1,0.0273251351
511,2020-02-14,MSFT,474,2,0.0321166667
512,2020-02-15,MSFT,64,2,0.0758078125
513,2020-02-16,MSFT,19,3,0.1811368421
514,2020-02-17,MSFT,56,2,0.1068196429
515,2020-02-18,MSFT,448,4,0.0096401786
516,2020-02-19,MSFT,484,4,-0.0139216942
517,2020-02-20,MSFT,955,4,-0.0613639791
518,2020-02-21,MSFT,477,1,-0.0318163522
519,2020-02-22,MSFT,49,4,0.018855102
520,2020-02-23,MSFT,98,2,-0.0124163265
521,2020-02-24,MSFT,353,3,0.0518110482
522,2020-02-25,MSFT,256,3,0.0210347656
523,2020-02-26,MSFT,315,3,-0.040832381
524,2020-02-27,MSFT,317,4,-0.0221369085
525,2020-02-28,MSFT,284,5,0.0169433099
526,2020-02-29,MSFT,53,2,0.1784339623
527,2020-03-01,MSFT,53,6,0.1328698113
528,2020-03-02,MSFT,81,4,-0.0056061728
529,2020-03-03,MSFT,40,7,-0.02928
530,2020-03-04,MSFT,36,5,-0.0330444444
531,2020-03-05,MSFT,36,12,-0.1100027778
532,2020-03-06,MSFT,41,5,-0.0079634146
533,2020-03-07,MSFT,34,4,-0.0072647059
534,2020-03-08,MSFT,48,15,0.0720625
535,2020-03-09,MSFT,73,5,0.0916150685
536,2020-03-10,MSFT,28,14,0.0070964286
537,2020-03-11,MSFT,47,12,0.1441361702
538,2020-03-12,MSFT,92,7,-0.0127858696
539,2020-03-13,MSFT,155,8,0.014623871
540,2020-03-14,MSFT,41,10,0.0198707317
541,2020-03-15,MSFT,39,19,0.0594820513
542,2020-03-16,MSFT,164,9,0.0654329268
543,2020-03-17,MSFT,99,14,0.0855040404
544,2020-03-18,MSFT,149,13,0.1265369128
545,2020-03-19,MSFT,103,16,0.0493446602
546,2020-03-20,MSFT,121,13,0.0834578512
547,2020-03-21,MSFT,34,10,0.0785294118
548,2020-03-22,MSFT,46,10,-0.0476282609
549,2020-03-23,MSFT,61,24,0.0768360656
550,2020-03-24,MSFT,50,29,0.184994
551,2020-03-25,MSFT,62,16,0.0625677419
552,2020-03-26,MSFT,53,17,0.1045716981
553,2020-03-27,MSFT,38,22,-0.0314052632
554,2020-03-28,MSFT,21,5,0.1358857143
555,2020-03-29,MSFT,36,6,0.0625416667
556,2020-03-30,MSFT,165,4,0.0936472727
557,2020-03-31,MSFT,119,4,0.0370193277
558,2020-04-01,MSFT,29,8,0.0884655172
559,2020-04-02,MSFT,18,14,-0.0073944444
560,2020-04-03,MSFT,4,38,-0.4174
561,2020-04-04,MSFT,6,14,-0.1699
562,2020-04-05,MSFT,24,13,-0.0839291667
563,2020-04-06,MSFT,27,11,0.1862074074
564,2020-04-07,MSFT,71,10,0.1016422535
565,2020-04-08,MSFT,65,9,-0.0183707692
566,2020-04-09,MSFT,70,13,0.0463957143
567,2020-04-10,MSFT,12,26,0.0480166667
568,2020-04-11,MSFT,12,14,0.33105
569,2020-04-12,MSFT,20,23,0.1757
570,2020-04-13,MSFT,100,10,0.052694
571,2020-04-14,MSFT,238,8,0.1041243697
572,2020-04-15,MSFT,227,7,0.1081621145
573,2020-04-16,MSFT,469,6,0.0445411514
574,2020-04-17,MSFT,228,10,0.0815359649
575,2020-04-18,MSFT,90,5,0.1743544444
576,2020-04-19,MSFT,55,11,0.0907672727
577,2020-04-20,MSFT,160,11,0.02263875
578,2020-04-21,MSFT,289,8,0.0146643599
579,2020-04-22,MSFT,151,11,0.070702649
580,2020-04-23,MSFT,257,10,0.0188252918
581,2020-04-24,MSFT,178,8,0.0512202247
582,2020-04-25,MSFT,45,6,0.1844688889
583,2020-04-26,MSFT,81,4,0.1586888889
584,2020-04-27,MSFT,303,6,-0.0107871287
585,2020-04-28,MSFT,394,5,0.0101296954
586,2020-04-29,MSFT,734,3,0.0716737057
587,2020-04-30,MSFT,408,5,0.0059254902
588,2020-05-01,MSFT,96,12,0.0198916667
589,2020-05-02,MSFT,34,8,0.1171529412
590,2020-05-03,MSFT,44,11,-0.0194
591,2020-05-04,MSFT,99,15,0.0208141414
592,2020-05-05,MSFT,124,14,0.0967419355
593,2020-05-06,MSFT,87,23,0.0643241379
594,2020-05-07,MSFT,83,24,0.0252590361
595,2020-05-08,MSFT,126,11,0.0477357143
596,2020-05-09,MSFT,24,19,0.1333458333
597,2020-05-10,MSFT,23,25,0.1200956522
598,2020-05-11,MSFT,99,23,0.1212424242
599,2020-05-12,MSFT,96,24,-0.0283427083
600,2020-05-13,MSFT,98,19,0.0688214286
601,2020-05-14,MSFT,77,24,-0.0165571429
602,2020-05-15,MSFT,101,16,-0.0270544554
603,2020-05-16,MSFT,25,16,0.24114
604,2020-05-17,MSFT,34,18,0.0172588235
605,2020-05-18,MSFT,78,29,0.0226410256
606,2020-05-19,MSFT,97,22,0.0085742268
607,2020-05-20,MSFT,74,22,-0.01445
608,2020-05-21,MSFT,59,27,0.1163728814
609,2020-05-22,MSFT,70,19,0.09269
610,2020-05-23,MSFT,18,18,0.0965777778
611,2020-05-24,MSFT,17,15,0.1831882353
612,2020-05-25,MSFT,40,13,0.0481375
613,2020-05-26,MSFT,186,8,-0.0339284946
614,2020-05-27,MSFT,156,11,0.0277083333
615,2020-05-28,MSFT,131,12,0.0636709924
616,2020-05-29,MSFT,57,23,0.0555035088
617,2020-05-30,MSFT,10,43,0.14501
618,2020-05-31,MSFT,16,41,0.034225
619,2020-06-01,MSFT,96,15,-0.1077625
620,2020-06-02,MSFT,90,16,0.0114255556
621,2020-06-03,MSFT,96,18,0.1208
622,2020-06-04,MSFT,98,21,-0.0423091837
623,2020-06-05,MSFT,92,25,0.0927978261
624,2020-06-06,MSFT,24,31,0.1312041667
625,2020-06-07,MSFT,49,18,0.0935122449
626,2020-06-08,MSFT,108,31,0.0738314815
627,2020-06-09,MSFT,213,14,0.0360600939
628,2020-06-10,MSFT,424,7,0.0363915094
629,2020-06-11,MSFT,243,8,0.0436917695
630,2020-06-12,MSFT,82,13,-0.0711804878
631,2020-06-13,MSFT,85,4,0.1172964706
632,2020-06-14,MSFT,56,9,0.1090910714
633,2020-06-15,MSFT,153,13,0.0060673203
634,2020-06-16,MSFT,286,5,0.002463986
635,2020-06-17,MSFT,193,10,0.0132896373
636,2020-06-18,MSFT,179,5,-0.0263826816
637,2020-06-19,MSFT,444,2,0.0031686937
638,2020-06-20,MSFT,41,6,0.0622487805
639,2020-06-21,MSFT,58,4,0.0733051724
640,2020-06-22,MSFT,957,1,0.0389671891
641,2020-06-23,MSFT,220,7,0.0517940909
642,2020-06-24,MSFT,202,7,0.0095792079
643,2020-06-25,MSFT,93,20,0.0214053763
644,2020-06-26,MSFT,136,6,0.0489772059
645,2020-06-27,MSFT,31,12,0.117
646,2020-06-28,MSFT,33,12,0.0907030303
647,2020-06-29,MSFT,85,11,0.0791305882
648,2020-06-30,MSFT,189,6,0.0171428571
649,2020-07-01,MSFT,152,10,0.0054256579
650,2020-07-02,MSFT,103,11,0.0505029126
651,2020-07-03,MSFT,18,13,0.1491055556
652,2020-07-04,MSFT,12,16,0.1553916667
653,2020-07-05,MSFT,28,14,-0.0193428571
654,2020-07-06,MSFT,130,11,0.0967284615
655,2020-07-07,MSFT,244,8,0.0647504098
656,2020-07-08,MSFT,196,10,0.084625
657,2020-07-09,MSFT,353,8,0.0831725212
658,2020-07-10,MSFT,359,6,0.0142905292
659,2020-07-11,MSFT,51,7,0.1026431373
660,2020-07-12,MSFT,125,5,0.1395064
661,2020-07-13,MSFT,474,6,-0.0385050633
662,2020-07-14,MSFT,250,8,-0.0115568
663,2020-07-15,MSFT,251,7,-0.0313219124
664,2020-07-16,MSFT,391,5,0.0267808184
665,2020-07-17,MSFT,364,5,-0.0082239011
666,2020-07-18,MSFT,95,4,0.0130105263
667,2020-07-19,MSFT,114,6,0.0744359649
668,2020-07-20,MSFT,553,5,0.0717622061
669,2020-07-21,MSFT,693,2,0.0294005772
670,2020-07-22,MSFT,1273,2,0.0188463472
671,2020-07-23,MSFT,601,4,0.026297005
672,2020-07-24,MSFT,351,5,-0.0077780627
673,2020-07-25,MSFT,69,5,0.122715942
674,2020-07-26,MSFT,75,9,0.0864813333
675,2020-07-27,MSFT,225,9,-0.0125386667
676,2020-07-28,MSFT,197,9,-0.0218700508
677,2020-07-29,MSFT,122,17,0.0297114754
678,2020-07-30,MSFT,267,9,0.0225865169
679,2020-07-31,MSFT,776,2,0.0092403351
680,2020-08-01,MSFT,316,1,-0.0142268987
681,2020-08-02,MSFT,432,1,0.0576287037
682,2020-08-03,MSFT,333,3,0.057554955
683,2020-08-04,MSFT,488,5,0.0285116803
684,2020-08-05,MSFT,305,7,0.0111934426
685,2020-08-06,MSFT,302,8,0.0213903974
686,2020-08-07,MSFT,207,8,0.0413705314
687,2020-08-08,MSFT,97,4,0.0603556701
688,2020-08-09,MSFT,93,5,0.0543225806
689,2020-08-10,MSFT,401,4,-0.0593561097
690,2020-08-11,MSFT,318,5,-0.0090789308
691,2020-08-12,MSFT,183,8,0.0220743169
692,2020-08-13,MSFT,173,7,0.0110213873
693,2020-08-14,MSFT,99,10,0.1442757576
694,2020-08-15,MSFT,35,7,0.1354457143
695,2020-08-16,MSFT,37,8,0.0057459459
696,2020-08-17,MSFT,70,18,0.11787
697,2020-08-18,MSFT,103,14,0.1029912621
698,2020-08-19,MSFT,119,13,0.0830579832
699,2020-08-20,MSFT,157,8,0.0402070064
700,2020-08-21,MSFT,247,6,0.0285331984
701,2020-08-22,MSFT,44,6,0.1490954545
702,2020-08-23,MSFT,75,6,0.0613586667
703,2020-08-24,MSFT,160,10,0.001235625
704,2020-08-25,MSFT,194,9,0.0125515464
705,2020-08-26,MSFT,244,10,0.0578032787
706,2020-08-27,MSFT,831,3,0.0393712395
707,2020-08-28,MSFT,398,4,0.0694668342
708,2020-08-29,MSFT,109,5,-0.0122376147
709,2020-08-30,MSFT,181,5,-0.0040077348
710,2020-08-31,MSFT,191,6,0.0684387435
711,2020-09-01,MSFT,379,9,-0.0087116095
712,2020-09-02,MSFT,288,12,0.0759336806
713,2020-09-03,MSFT,187,13,0.0173262032
714,2020-09-04,MSFT,217,8,0.0769087558
715,2020-09-05,MSFT,50,8,0.010396
716,2020-09-06,MSFT,30,9,0.03352
717,2020-09-07,MSFT,52,8,0.0078115385
718,2020-09-08,MSFT,246,9,-0.0305841463
719,2020-09-09,MSFT,227,5,-0.0082409692
720,2020-09-10,MSFT,126,13,-0.0441730159
721,2020-09-11,MSFT,105,11,0.0506190476
722,2020-09-12,MSFT,25,12,0.176392
723,2020-09-13,MSFT,265,1,0.0258769811
724,2020-09-14,MSFT,152,9,-0.0457276316
725,2020-09-15,MSFT,97,18,0.0815896907
726,2020-09-16,MSFT,78,19,0.052775641
727,2020-09-17,MSFT,68,11,0.0383573529
728,2020-09-18,MSFT,495,5,-0.0032535354
729,2020-09-19,MSFT,31,7,-0.1675322581
730,2020-09-20,MSFT,36,11,0.1147916667
731,2020-09-21,MSFT,46,7,0.124723913
732,2020-09-22,MSFT,54,14,0.2265166667
733,2020-09-23,MSFT,84,16,0.0075821429
734,2020-09-24,MSFT,49,17,0.0536142857
735,2020-09-25,MSFT,41,18,0.0211390244
736,2020-09-26,MSFT,6,38,0.0973666667
737,2020-09-27,MSFT,14,19,0.2921
738,2020-09-28,MSFT,66,17,0.0635424242
739,2020-09-29,MSFT,38,34,0.02935
740,2020-09-30,MSFT,54,24,0.1205962963
741,2020-10-01,MSFT,54,19,0.1684555556
742,2020-10-02,MSFT,57,20,0.0534929825
743,2020-10-03,MSFT,12,21,0.071175
744,2020-10-04,MSFT,12,33,0.2185916667
745,2020-10-05,MSFT,46,23,0.0777804348
746,2020-10-06,MSFT,80,14,0.05668125
747,2020-10-07,MSFT,45,24,-0.0241466667
748,2020-10-08,MSFT,149,6,0.0454919463
749,2020-10-09,MSFT,94,10,0.1589680851
750,2020-10-10,MSFT,21,8,0.1092238095
751,2020-10-11,MSFT,18,15,-0.0752388889
752,2020-10-12,MSFT,71,16,0.1406535211
753,2020-10-13,MSFT,59,18,0.1942762712
754,2020-10-14,MSFT,47,24,-0.0360574468
755,2020-10-15,MSFT,47,21,0.1197319149
756,2020-10-16,MSFT,70,19,0.1753514286
757,2020-10-17,MSFT,19,13,0.3541789474
758,2020-10-18,MSFT,22,18,0.08675
759,2020-10-19,MSFT,10,36,-0.19608
760,2020-10-20,MSFT,62,22,0.0328419355
761,2020-10-21,MSFT,53,27,-0.0292320755
762,2020-10-22,MSFT,53,24,0.0495773585
763,2020-10-23,MSFT,67,15,0.0861955224
764,2020-10-24,MSFT,19,10,0.0567157895
765,2020-10-25,MSFT,27,10,0.1942296296
766,2020-10-26,MSFT,151,7,0.0299278146
767,2020-10-27,MSFT,578,2,0.0458358131
768,2020-10-28,MSFT,176,8,0.0605727273
769,2020-10-29,MSFT,97,16,0.0668690722
770,2020-10-30,MSFT,140,9,0.0933757143
771,2020-10-31,MSFT,9,28,0.0778444444
772,2020-11-01,MSFT,12,33,0.23825
773,2020-11-02,MSFT,40,23,-0.020465
774,2020-11-03,MSFT,22,41,0.00205
775,2020-11-04,MSFT,27,22,0.087062963
776,2020-11-05,MSFT,30,23,0.0816866667
777,2020-11-06,MSFT,17,28,0.0992411765
778,2020-11-07,MSFT,8,37,0.1715
779,2020-11-08,MSFT,19,26,0.1410789474
780,2020-11-09,MSFT,79,31,-0.0026468354
781,2020-11-10,MSFT,86,21,0.0735895349
782,2020-11-11,MSFT,35,33,0.1412485714
783,2020-11-12,MSFT,24,47,0.1028625
784,2020-11-13,MSFT,16,59,0.0489375
785,2020-11-14,MSFT,8,39,0.2310125
786,2020-11-15,MSFT,11,41,-0.0773545455
787,2020-11-16,MSFT,31,44,0.1379774194
788,2020-11-17,MSFT,52,30,-0.0229019231
789,2020-11-18,MSFT,77,24,-0.109274026
790,2020-11-19,MSFT,53,32,0.0670018868
791,2020-11-20,MSFT,49,29,0.0103244898
792,2020-11-21,MSFT,18,17,0.1259722222
793,2020-11-22,MSFT,20,22,0.144725
794,2020-11-23,MSFT,92,21,0.0635847826
795,2020-11-24,MSFT,75,26,0.073744
796,2020-11-25,MSFT,77,25,0.0942805195
797,2020-11-26,MSFT,30,18,0.25823
798,2020-11-27,MSFT,15,82,-0.0526666667
799,2020-11-28,MSFT,16,20,0.357075
800,2020-11-29,MSFT,14,52,0.2056928571
801,2020-11-30,MSFT,51,33,0.0920411765
802,2020-12-01,MSFT,96,23,0.019375
803,2020-12-02,MSFT,64,30,0.068065625
804,2020-12-03,MSFT,27,31,0.0399296296
805,2020-12-04,MSFT,68,27,0.0947779412
806,2020-12-05,MSFT,14,34,0.18955
807,2020-12-06,MSFT,19,33,0.0324052632
808,2020-12-07,MSFT,93,25,-0.0032989247
809,2020-12-08,MSFT,60,33,0.169905
810,2020-12-09,MSFT,55,42,0.1754472727
811,2020-12-10,MSFT,63,32,-0.090984127
812,2020-12-11,MSFT,62,29,0.1062935484
813,2020-12-12,MSFT,8,54,-0.11235
814,2020-12-13,MSFT,18,42,0.0783333333
815,2020-12-14,MSFT,32,52,0.043840625
816,2020-12-15,MSFT,47,40,-0.0158361702
817,2020-12-16,MSFT,111,16,0.1439414414
818,2020-12-17,MSFT,75,29,0.040396
819,2020-12-18,MSFT,91,20,0.0227450549
820,2020-12-19,MSFT,18,21,-0.0787777778
821,2020-12-20,MSFT,21,30,0.1152285714
822,2020-12-21,MSFT,112,23,0.0108857143
823,2020-12-22,MSFT,63,35,0.1320095238
824,2020-12-23,MSFT,38,44,-0.0797868421
825,2020-12-24,MSFT,36,30,0.0761472222
826,2020-12-25,MSFT,12,18,0.3369916667
827,2020-12-26,MSFT,4,81,0.144575
828,2020-12-27,MSFT,12,54,0.1795916667
829,2020-12-28,MSFT,64,30,0.147275
830,2020-12-29,MSFT,23,71,0.0360478261
831,2020-12-30,MSFT,31,39,0.0424677419
832,2020-12-31,MSFT,35,31,-0.0167657143
833,2021-01-01,MSFT,5,71,0.17238
834,2021-01-02,MSFT,4,84,0.4649
835,2021-01-03,MSFT,16,20,0.34005
836,2021-01-04,MSFT,44,37,0.0541977273
837,2021-01-05,MSFT,41,39,0.0479804878
838,2021-01-06,MSFT,111,24,0.0118234234
839,2021-01-07,MSFT,46,39,0.1396608696
840,2021-01-08,MSFT,21,77,-0.1018761905
841,2021-01-09,MSFT,12,40,0.1765166667
842,2021-01-10,MSFT,9,71,0.0818111111
843,2021-01-11,MSFT,25,67,-0.013428
844,2021-01-12,MSFT,80,25,0.01228375
845,2021-01-13,MSFT,48,43,0.11111875
846,2021-01-14,MSFT,82,32,0.0698256098
847,2021-01-15,MSFT,62,24,0.0153693548
848,2021-01-16,MSFT,18,19,0.1336388889
849,2021-01-17,MSFT,15,25,0.1924066667
850,2021-01-18,MSFT,26,27,-0.0143692308
851,2021-01-19,MSFT,95,21,0.0388778947
852,2021-01-20,MSFT,103,20,0.0923650485
853,2021-01-21,MSFT,79,23,0.0335037975
854,2021-01-22,MSFT,92,19,0.1315521739
855,2021-01-23,MSFT,35,14,0.1075428571
856,2021-01-24,MSFT,12,19,0.0071416667
857,2021-01-25,MSFT,84,32,0.0874892857
858,2021-01-26,MSFT,393,9,0.0630798982
859,2021-01-27,MSFT,117,33,0.1234948718
860,2021-01-28,MSFT,25,114,0.140536
861,2021-01-29,MSFT,30,51,0.1357333333
862,2021-01-30,MSFT,26,16,0.0552884615
863,2021-01-31,MSFT,51,30,0.2707647059
864,2021-02-01,MSFT,60,41,0.2027433333
865,2021-02-02,MSFT,69,44,0.2074913043
866,2021-02-03,MSFT,72,29,0.1006652778
867,2021-02-04,MSFT,12,41,0.257925
868,2021-02-05,MSFT,18,51,0.0996444444
869,2021-02-06,MSFT,2,107,0.3507
870,2021-02-07,MSFT,11,26,0.3389818182
871,2021-02-08,MSFT,29,57,0.1260862069
872,2021-02-09,MSFT,19,86,0.0705789474
873,2021-02-10,MSFT,14,111,0.1331142857
874,2021-02-11,MSFT,31,74,0.0043612903
875,2021-02-12,MSFT,20,86,0.15231
876,2021-02-13,MSFT,9,94,-0.1803555556
877,2021-02-14,MSFT,6,121,-0.3223
878,2021-02-15,MSFT,14,68,0.1509142857
879,2021-02-16,MSFT,17,98,-0.1258823529
880,2021-02-17,MSFT,24,68,-0.0165125
881,2021-02-18,MSFT,17,77,0.0780529412
882,2021-02-19,MSFT,72,24,0.3686027778
883,2021-02-20,MSFT,17,55,0.2207764706
884,2021-02-21,MSFT,10,96,0.3667
885,2021-02-22,MSFT,44,44,0.0437681818
886,2021-02-23,MSFT,38,51,0.0149026316
887,2021-02-24,MSFT,32,70,0.13825
888,2021-02-25,MSFT,13,113,0.3728307692
889,2021-02-26,MSFT,13,93,-0.1022538462
890,2021-02-27,MSFT,2,209,0.06855
891,2021-02-28,MSFT,7,96,0.1320428571
892,2021-03-01,MSFT,18,95,-0.05375
893,2021-03-02,MSFT,8,182,0.253625
894,2021-03-03,MSFT,24,80,0.041525
895,2021-03-04,MSFT,35,48,-0.0177542857
896,2021-03-05,MSFT,39,30,0.1575179487
897,2021-03-06,MSFT,9,46,-0.2310555556
898,2021-03-07,MSFT,10,57,-0.09005
899,2021-03-08,MSFT,28,45,0.167075
900,2021-03-09,MSFT,15,71,0.11544
901,2021-03-10,MSFT,10,93,0.35561
902,2021-03-11,MSFT,14,88,0.0977571429
903,2021-03-12,MSFT,14,70,0.0417142857
904,2021-03-13,MSFT,5,64,0.2921
905,2021-03-14,MSFT,9,47,0.1678444444
906,2021-03-15,MSFT,35,34,0.0753685714
907,2021-03-16,MSFT,33,33,0.1087424242
908,2021-03-17,MSFT,24,48,0.1038541667
909,2021-03-18,MSFT,22,51,0.1017
910,2021-03-19,MSFT,16,53,0.156575
911,2021-03-20,MSFT,1,232,-0.7003
912,2021-03-21,MSFT,6,72,0.1410333333
913,2021-03-22,MSFT,35,25,0.1232771429
914,2021-03-23,MSFT,68,16,0.0615808824
915,2021-03-24,MSFT,19,61,0.0242
916,2021-03-25,MSFT,31,29,0.0127967742
917,2021-03-26,MSFT,21,40,-0.0106571429
918,2021-03-27,MSFT,8,21,0.2196125
919,2021-03-28,MSFT,7,53,0.1212428571
920,2021-03-29,MSFT,15,66,-0.2416666667
921,2021-03-30,MSFT,25,39,0.020272
922,2021-03-31,MSFT,92,12,0.0747641304
923,2021-04-01,MSFT,26,26,0.0254423077
924,2021-04-02,MSFT,11,17,-0.0442272727
925,2021-04-03,MSFT,12,12,0.1706
926,2021-04-04,MSFT,10,25,0.16656
927,2021-04-05,MSFT,55,15,0.0690363636
928,2021-04-06,MSFT,27,32,0.133637037
929,2021-04-07,MSFT,38,31,0.0939
930,2021-04-08,MSFT,64,15,0.1793765625
931,2021-04-09,MSFT,38,21,0.0840657895
932,2021-04-10,MSFT,10,20,0.46118
933,2021-04-11,MSFT,25,9,0.17204
934,2021-04-12,MSFT,50,21,0.15661
935,2021-04-13,MSFT,41,27,0.1097121951
936,2021-04-14,MSFT,38,27,0.0086368421
937,2021-04-15,MSFT,59,24,0.0683661017
938,2021-04-16,MSFT,17,41,0.0246176471
939,2021-04-17,MSFT,7,33,0.434
940,2021-04-18,MSFT,5,67,0.15384
941,2021-04-19,MSFT,17,46,0.2851705882
942,2021-04-20,MSFT,23,31,0.1083434783
943,2021-04-21,MSFT,19,40,0.0369315789
944,2021-04-22,MSFT,25,33,0.08394
945,2021-04-23,MSFT,26,23,0.0506807692
946,2021-04-24,MSFT,12,15,0.4668083333
947,2021-04-25,MSFT,14,15,0.1601928571
948,2021-04-26,MSFT,38,20,0.1242842105
949,2021-04-27,MSFT,237,7,0.0299864979
950,2021-04-28,MSFT,89,11,0.0696865169
951,2021-04-29,MSFT,99,14,0.0637959596
952,2021-04-30,MSFT,30,24,0.04028
953,2021-05-01,MSFT,4,51,0.0011
954,2021-05-02,MSFT,6,50,0.1573
955,2021-05-03,MSFT,62,21,0.0268725806
956,2021-05-04,MSFT,73,19,0.0281356164
957,2021-05-05,MSFT,31,44,0.0793709677
958,2021-05-06,MSFT,26,59,0.0989846154
959,2021-05-07,MSFT,37,30,0.0162297297
960,2021-05-08,MSFT,4,63,0.24715
961,2021-05-09,MSFT,13,32,0.1090538462
962,2021-05-10,MSFT,31,47,-0.0157645161
963,2021-05-11,MSFT,17,70,0.1296470588
964,2021-05-12,MSFT,20,51,-0.091505
965,2021-05-13,MSFT,13,77,0.2360692308
966,2021-05-14,MSFT,2,239,0.0
967,2021-05-15,MSFT,4,36,0.5554
968,2021-05-16,MSFT,14,18,-0.0877785714
969,2021-05-17,MSFT,18,43,0.1347611111
970,2021-05-18,MSFT,22,33,0.2305136364
971,2021-05-19,MSFT,9,81,-0.0172555556
972,2021-05-20,MSFT,10,80,0.00937
973,2021-05-21,MSFT,6,87,0.1445666667
974,2021-05-23,MSFT,5,59,0.08974
975,2021-05-24,MSFT,16,41,0.1198375
976,2021-05-25,MSFT,6,109,0.0807333333
977,2021-05-26,MSFT,15,65,0.0358733333
978,2021-05-27,MSFT,21,50,-0.0174095238
979,2021-05-28,MSFT,10,86,0.049
980,2021-05-29,MSFT,4,43,-0.183775
981,2021-05-30,MSFT,2,73,0.4339
982,2021-05-31,MSFT,5,65,0.30242
983,2021-06-01,MSFT,11,64,-0.0867636364
984,2021-06-02,MSFT,8,116,0.2368
985,2021-06-03,MSFT,17,70,0.2551882353
986,2021-06-04,MSFT,20,49,0.28646
987,2021-06-05,MSFT,2,124,-0.42775
988,2021-06-06,MSFT,2,159,0.0129
989,2021-06-07,MSFT,20,58,0.038205
990,2021-06-08,MSFT,10,139,-0.00842
991,2021-06-09,MSFT,11,134,0.0526181818
992,2021-06-10,MSFT,42,44,0.1726738095
993,2021-06-11,MSFT,20,61,0.133995
994,2021-06-12,MSFT,1,255,0.5927
995,2021-06-13,MSFT,8,59,0.060275
996,2021-06-14,MSFT,16,82,0.37139375
997,2021-06-15,MSFT,14,87,0.2218571429
998,2021-06-16,MSFT,17,79,0.0150647059
999,2021-06-17,MSFT,28,53,0.0288392857
1000,2021-06-18,MSFT,18,50,0.1303722222
1001,2021-06-19,MSFT,4,61,0.196
1002,2021-06-20,MSFT,10,43,-0.00444
1003,2021-06-21,MSFT,11,85,0.2490727273
1004,2021-06-22,MSFT,30,44,0.0461766667
1005,2021-06-23,MSFT,28,43,0.217725
1006,2021-06-24,MSFT,35,41,0.1665571429
1007,2021-06-25,MSFT,8,96,-0.0593375
1008,2021-06-26,MSFT,3,73,-0.1925666667
1009,2021-06-27,MSFT,5,80,0.2029
1010,2021-06-28,MSFT,14,88,0.2289071429
1011,2021-06-29,MSFT,28,44,0.0344464286
1012,2021-06-30,MSFT,12,91,0.1621416667
1013,2021-07-01,MSFT,21,55,0.0646666667
1014,2021-07-02,MSFT,89,18,0.1430078652
1015,2021-07-03,MSFT,4,37,-0.4697
1016,2021-07-04,MSFT,4,43,-0.087075
1017,2021-07-05,MSFT,15,22,0.1345933333
1018,2021-07-06,MSFT,75,20,-0.0457586667
1019,2021-07-07,MSFT,55,25,0.1126272727
1020,2021-07-08,MSFT,29,36,0.0866551724
1021,2021-07-09,MSFT,16,45,0.12240625
1022,2021-07-10,MSFT,4,42,-0.4489
1023,2021-07-11,MSFT,4,59,0.1147
1024,2021-07-12,MSFT,16,43,0.099375
1025,2021-07-13,MSFT,61,23,0.0382278689
1026,2021-07-14,MSFT,52,23,0.0771807692
1027,2021-07-15,MSFT,34,26,0.1553176471
1028,2021-07-16,MSFT,25,29,-0.01722
1029,2021-07-17,MSFT,1,162,-0.1531
1030,2021-07-18,MSFT,6,48,0.07415
1031,2021-07-19,MSFT,26,40,0.1113807692
1032,2021-07-20,MSFT,28,27,-0.0163178571
1033,2021-07-21,MSFT,17,43,0.1501
1034,2021-07-22,MSFT,59,16,0.1109033898
1035,2021-07-23,MSFT,74,13,0.0857689189
1036,2021-07-24,MSFT,5,35,0.28702
1037,2021-07-25,MSFT,16,21,0.114925
1038,2021-07-26,MSFT,65,11,0.1388523077
1039,2021-07-27,MSFT,262,3,0.0555179389
1040,2021-07-28,MSFT,67,15,0.0328910448
1041,2021-07-29,MSFT,42,24,0.0446857143
1042,2021-07-30,MSFT,18,34,0.0222055556
1043,2021-07-31,MSFT,3,66,-0.1186666667
1044,2021-08-01,MSFT,6,48,0.34145
1045,2021-08-02,MSFT,17,42,0.0719588235
1046,2021-08-03,MSFT,16,41,-0.14775625
1047,2021-08-04,MSFT,23,38,0.1556565217
1048,2021-08-05,MSFT,13,69,-0.0398230769
1049,2021-08-06,MSFT,18,32,0.0848555556
1050,2021-08-07,MSFT,2,91,-0.0585
1051,2021-08-08,MSFT,3,88,0.3667
1052,2021-08-09,MSFT,12,66,0.2458
1053,2021-08-10,MSFT,15,62,-0.1488866667
1054,2021-08-11,MSFT,12,71,-0.020725
1055,2021-08-12,MSFT,17,56,-0.1639
1056,2021-08-13,MSFT,22,30,0.1801
1057,2021-08-14,MSFT,3,55,0.0919333333
1058,2021-08-15,MSFT,1,221,0.8555
1059,2021-08-16,MSFT,18,38,0.0399222222
1060,2021-08-17,MSFT,25,31,-0.023516
1061,2021-08-18,MSFT,23,31,0.0961043478
1062,2021-08-19,MSFT,102,7,0.0527401961
1063,2021-08-20,MSFT,145,5,0.0768834483
1064,2021-08-21,MSFT,19,6,0.2349
1065,2021-08-22,MSFT,10,21,0.10441
1066,2021-08-23,MSFT,43,18,0.1890604651
1067,2021-08-24,MSFT,23,36,0.1632043478
1068,2021-08-25,MSFT,31,25,0.0470419355
1069,2021-08-26,MSFT,21,29,-0.0061190476
1070,2021-08-27,MSFT,25,30,0.11776
1071,2021-08-28,MSFT,5,25,0.10128
1072,2021-08-29,MSFT,9,26,0.0860444444
1073,2021-08-30,MSFT,29,28,0.0809
1074,2021-08-31,MSFT,20,37,0.169345
1075,2021-09-01,MSFT,15,55,0.48964
1076,2021-09-02,MSFT,15,50,-0.05214
1077,2021-09-03,MSFT,13,47,0.0429230769
1078,2021-09-04,MSFT,1,167,-0.1608
1079,2021-09-05,MSFT,4,31,0.198925
1080,2021-09-06,MSFT,4,52,0.269675
1081,2021-09-07,MSFT,15,49,0.1142133333
1082,2021-09-08,MSFT,14,46,0.0599571429
1083,2021-09-09,MSFT,21,35,-0.1022
1084,2021-09-10,MSFT,26,19,0.0123769231
1085,2021-09-11,MSFT,1,151,0.5423
1086,2021-09-12,MSFT,1,220,-0.4588
1087,2021-09-13,MSFT,14,37,0.0480142857
1088,2021-09-14,MSFT,69,12,0.1221188406
1089,2021-09-15,MSFT,77,11,0.0712103896
1090,2021-09-16,MSFT,22,33,0.0072272727
1091,2021-09-17,MSFT,28,27,0.0798142857
1092,2021-09-18,MSFT,3,42,0.1468
1093,2021-09-19,MSFT,14,18,0.1222428571
1094,2021-09-20,MSFT,29,29,0.0984965517
1095,2021-09-21,MSFT,17,53,-0.0721294118
1096,2021-09-22,MSFT,18,46,0.2022055556
1097,2021-09-23,MSFT,13,55,-0.1531076923
1098,2021-09-24,MSFT,12,49,0.0121083333
1099,2021-09-25,MSFT,5,30,0.24396
1100,2021-09-26,MSFT,3,86,0.1447333333
1101,2021-09-27,MSFT,19,37,-0.0571526316
1102,2021-09-28,MSFT,33,21,-0.0265121212
1103,2021-09-29,MSFT,15,41,-0.03252
1104,2021-09-30,MSFT,21,28,0.0962190476
1105,2021-10-01,MSFT,20,27,0.085485
1106,2021-10-02,MSFT,8,13,0.2279125
1107,2021-10-03,MSFT,4,52,-0.17755
1108,2021-10-04,MSFT,28,21,0.03275
1109,2021-10-05,MSFT,30,15,0.0986933333
1110,2021-10-06,MSFT,20,31,0.12086
1111,2021-10-07,MSFT,18,30,0.1829111111
1112,2021-10-08,MSFT,18,20,0.1052722222
1113,2021-10-09,MSFT,2,66,0.13405
1114,2021-10-10,MSFT,3,76,0.0426666667
1115,2021-10-11,MSFT,18,27,-0.0210166667
1116,2021-10-12,MSFT,11,52,0.1006545455
1117,2021-10-13,MSFT,9,58,0.1805888889
1118,2021-10-14,MSFT,40,19,0.17916
1119,2021-10-15,MSFT,40,16,0.062455
1120,2021-10-16,MSFT,4,29,0.37175
1121,2021-10-17,MSFT,2,98,0.17975
1122,2021-10-18,MSFT,36,20,0.2038694444
1123,2021-10-19,MSFT,14,43,0.1792857143
1124,2021-10-20,MSFT,33,18,0.003469697
1125,2021-10-21,MSFT,40,20,0.046575
1126,2021-10-22,MSFT,16,41,-0.13346875
1127,2021-10-23,MSFT,1,164,-0.5413
1128,2021-10-24,MSFT,9,26,0.1177444444
1129,2021-10-25,MSFT,26,33,-0.0112076923
1130,2021-10-26,MSFT,146,9,0.0766226027
1131,2021-10-27,MSFT,180,4,0.0318816667
1132,2021-10-28,MSFT,59,14,0.0976254237
1133,2021-10-29,MSFT,86,6,-0.0093732558
1134,2021-10-30,MSFT,7,18,0.2825714286
1135,2021-10-31,MSFT,11,13,-0.0358909091
1136,2021-11-01,MSFT,52,13,0.0655826923
1137,2021-11-02,MSFT,35,25,0.1042342857
1138,2021-11-03,MSFT,41,25,0.1167682927
1139,2021-11-04,MSFT,53,28,0.0683415094
1140,2021-11-05,MSFT,29,34,-0.062637931
1141,2021-11-06,MSFT,7,28,0.2828857143
1142,2021-11-07,MSFT,6,65,0.3447166667
1143,2021-11-08,MSFT,30,41,0.2064666667
1144,2021-11-09,MSFT,19,64,0.0187
1145,2021-11-10,MSFT,30,28,0.1104266667
1146,2021-11-11,MSFT,20,42,-0.14528
1147,2021-11-12,MSFT,18,26,0.1208777778
1148,2021-11-13,MSFT,6,16,0.0038833333
1149,2021-11-14,MSFT,5,58,0.12956
1150,2021-11-15,MSFT,19,37,-0.0517105263
1151,2021-11-16,MSFT,31,30,0.3441806452
1152,2021-11-17,MSFT,45,24,0.0960866667
1153,2021-11-18,MSFT,56,22,0.0959696429
1154,2021-11-19,MSFT,42,21,0.1975690476
1155,2021-11-20,MSFT,5,30,-0.17722
1156,2021-11-21,MSFT,9,34,0.2021222222
1157,2021-11-22,MSFT,91,14,0.1268989011
1158,2021-11-23,MSFT,63,15,0.1346238095
1159,2021-11-24,MSFT,53,11,0.0550283019
1160,2021-11-25,MSFT,10,25,0.23004
1161,2021-11-26,MSFT,50,14,0.118704
1162,2021-11-27,MSFT,10,11,0.27745
1163,2021-11-28,MSFT,10,32,0.00293
1164,2021-11-29,MSFT,41,18,0.0856487805
1165,2021-11-30,MSFT,89,11,0.0369067416
1166,2021-12-01,MSFT,61,19,0.0130852459
1167,2021-12-02,MSFT,37,23,-0.0040837838
1168,2021-12-03,MSFT,40,23,0.11475
1169,2021-12-04,MSFT,5,41,0.30026
1170,2021-12-05,MSFT,17,13,0.1660882353
1171,2021-12-06,MSFT,32,24,0.075459375
1172,2021-12-07,MSFT,34,23,0.2268970588
1173,2021-12-08,MSFT,43,18,0.0334860465
1174,2021-12-09,MSFT,29,20,0.2070896552
1175,2021-12-10,MSFT,72,9,0.1450027778
1176,2021-12-11,MSFT,20,4,0.176145
1177,2021-12-12,MSFT,16,11,-0.04911875
1178,2021-12-13,MSFT,33,19,0.038430303
1179,2021-12-14,MSFT,118,7,0.0563228814
1180,2021-12-15,MSFT,65,11,0.13202
1181,2021-12-16,MSFT,66,11,0.0411348485
1182,2021-12-17,MSFT,41,13,0.1059853659
1183,2021-12-18,MSFT,7,24,-0.0407428571
1184,2021-12-19,MSFT,18,11,0.0867444444
1185,2021-12-20,MSFT,55,11,-0.0507036364
1186,2021-12-21,MSFT,48,13,-0.0541666667
1187,2021-12-22,MSFT,35,13,0.0133971429
1188,2021-12-23,MSFT,30,13,0.0705
1189,2021-12-24,MSFT,4,20,-0.049525
1190,2021-12-25,MSFT,1,98,0.8915
1191,2021-12-26,MSFT,5,21,-0.06128
1192,2021-12-27,MSFT,31,14,0.1279032258
1193,2021-12-28,MSFT,33,13,0.1291939394
1194,2021-12-29,MSFT,27,15,0.0442444444
1195,2021-12-30,MSFT,28,19,0.0739857143
1196,2021-12-31,MSFT,7,26,0.1406428571
1197,2022-01-01,MSFT,2,71,0.0
1198,2022-01-02,MSFT,6,28,0.1476666667
1199,2022-01-03,MSFT,117,5,-0.062265812
1200,2022-01-04,MSFT,97,6,-0.0485340206
1201,2022-01-05,MSFT,141,5,-0.0133617021
1202,2022-01-06,MSFT,95,8,0.0128336842
1203,2022-01-07,MSFT,76,9,-0.0394776316
1204,2022-01-08,MSFT,8,15,0.162025
1205,2022-01-09,MSFT,21,11,-0.0254
1206,2022-01-10,MSFT,78,10,0.0403974359
1207,2022-01-11,MSFT,76,6,0.0171473684
1208,2022-01-12,MSFT,47,13,-0.0574510638
1209,2022-01-13,MSFT,153,6,0.0249385621
1210,2022-01-14,MSFT,70,10,0.0476814286
1211,2022-01-15,MSFT,9,16,0.0629666667
1212,2022-01-16,MSFT,4,40,0.100925
1213,2022-01-17,MSFT,20,13,0.06462
1214,2022-01-18,MSFT,320,4,0.0815409375
1215,2022-01-19,MSFT,137,8,0.0605182482
1216,2022-01-20,MSFT,115,11,0.0674382609
1217,2022-01-21,MSFT,124,8,-0.0639733871
1218,2022-01-22,MSFT,77,3,0.0689441558
1219,2022-01-23,MSFT,46,6,0.001126087
1220,2022-01-24,MSFT,231,5,0.0694904762
1221,2022-01-25,MSFT,1707,1,0.0266557118
1222,2022-01-26,MSFT,433,4,0.1009568129
1223,2022-01-27,MSFT,149,7,0.0070751678
1224,2022-01-28,MSFT,58,10,0.0903327586
1225,2022-01-29,MSFT,7,25,0.2065285714
1226,2022-01-30,MSFT,16,13,0.248575
1227,2022-01-31,MSFT,92,7,-0.0218195652
1228,2022-02-01,MSFT,92,15,-0.0759608696
1229,2022-02-02,MSFT,133,13,0.131987218
1230,2022-02-03,MSFT,139,10,-0.0002553957
1231,2022-02-04,MSFT,51,15,0.0692058824
1232,2022-02-05,MSFT,19,9,-0.0298894737
1233,2022-02-06,MSFT,7,39,0.0448571429
1234,2022-02-07,MSFT,38,19,-0.09585
1235,2022-02-08,MSFT,37,22,0.0527027027
1236,2022-02-09,MSFT,28,30,0.0430857143
1237,2022-02-10,MSFT,39,21,-0.0169769231
1238,2022-02-11,MSFT,49,14,0.044477551
1239,2022-02-12,MSFT,11,14,0.1814545455
1240,2022-02-13,MSFT,2,121,-0.2908
1241,2022-02-14,MSFT,25,18,0.184024
1242,2022-02-15,MSFT,22,22,-0.0427636364
1243,2022-02-16,MSFT,31,24,0.0455290323
1244,2022-02-17,MSFT,35,24,0.0480657143
1245,2022-02-18,MSFT,28,21,0.0623
1246,2022-02-19,MSFT,5,32,-0.15702
1247,2022-02-20,MSFT,4,52,0.135125
1248,2022-02-21,MSFT,18,23,0.0426166667
1249,2022-02-22,MSFT,29,23,0.0115655172
1250,2022-02-23,MSFT,32,25,0.029265625
1251,2022-02-24,MSFT,42,22,0.1300595238
1252,2022-02-25,MSFT,11,42,0.1179363636
1253,2022-02-26,MSFT,5,33,-0.0174
1254,2022-02-27,MSFT,2,144,-0.2553
1255,2022-02-28,MSFT,9,63,0.1349555556
1256,2022-03-01,MSFT,18,35,0.0335166667
1257,2022-03-02,MSFT,14,38,0.0357714286
1258,2022-03-03,MSFT,12,53,0.1373916667
1259,2022-03-04,MSFT,13,44,0.1045230769
1260,2022-03-05,MSFT,3,60,-0.4058666667
1261,2022-03-06,MSFT,4,86,0.05485
1262,2022-03-07,MSFT,20,42,0.225205
1263,2022-03-08,MSFT,38,17,0.1841736842
1264,2022-03-09,MSFT,12,52,0.1850416667
1265,2022-03-10,MSFT,12,55,0.0259916667
1266,2022-03-11,MSFT,12,42,-0.0812333333
1267,2022-03-12,MSFT,6,23,0.2939666667
1268,2022-03-13,MSFT,5,38,0.24486
1269,2022-03-14,MSFT,14,41,0.11815
1270,2022-03-15,MSFT,11,42,0.0753636364
1271,2022-03-16,MSFT,11,49,-0.0791363636
1272,2022-03-17,MSFT,14,24,-0.2059214286
1273,2022-03-18,MSFT,14,28,-0.0405285714
1274,2022-03-19,MSFT,5,13,-0.1806
1275,2022-03-20,MSFT,1,208,0.0
1276,2022-03-21,MSFT,10,43,0.13413
1277,2022-03-22,MSFT,17,28,0.1077058824
1278,2022-03-23,MSFT,16,26,0.0554375
1279,2022-03-24,MSFT,12,34,0.0700166667
1280,2022-03-25,MSFT,10,43,0.09151
1281,2022-03-27,MSFT,1,199,-0.4019
1282,2022-03-28,MSFT,15,26,0.1622066667
1283,2022-03-29,MSFT,8,64,0.0657875
1284,2022-03-30,MSFT,14,36,0.3306142857
1285,2022-03-31,MSFT,8,55,-0.0551625
1286,2022-04-01,MSFT,9,31,-0.1317444444
1287,2022-04-02,MSFT,1,120,0.5165
1288,2022-04-03,MSFT,2,77,0.05135
1289,2022-04-04,MSFT,10,40,0.21448
1290,2022-04-05,MSFT,11,41,0.0908545455
1291,2022-04-06,MSFT,38,16,0.1408368421
1292,2022-04-07,MSFT,34,17,0.0523970588
1293,2022-04-08,MSFT,12,30,0.1563916667
1294,2022-04-09,MSFT,1,147,-0.4019
1295,2022-04-10,MSFT,1,232,0.0
1296,2022-04-11,MSFT,45,13,0.0109711111
1297,2022-04-12,MSFT,51,15,-0.0248862745
1298,2022-04-13,MSFT,12,42,0.0489
1299,2022-04-14,MSFT,19,21,0.0560526316
1300,2022-04-15,MSFT,6,17,-0.0880333333
1301,2022-04-17,MSFT,3,50,0.1584666667
1302,2022-04-18,MSFT,17,19,-0.0768
1303,2022-04-19,MSFT,25,20,-0.1169
1304,2022-04-20,MSFT,38,16,-0.0958210526
1305,2022-04-21,MSFT,32,22,0.194240625
1306,2022-04-22,MSFT,54,15,-0.0587925926
1307,2022-04-23,MSFT,18,4,0.1008555556
1308,2022-04-24,MSFT,32,6,-0.030821875
1309,2022-04-25,MSFT,79,10,0.0456063291
1310,2022-04-26,MSFT,609,3,0.0347778325
1311,2022-04-27,MSFT,154,4,0.0730025974
1312,2022-04-28,MSFT,56,17,0.0954
1313,2022-04-29,MSFT,26,23,-0.0456
1314,2022-04-30,MSFT,5,29,0.31316
1315,2022-05-01,MSFT,4,58,-0.140225
1316,2022-05-02,MSFT,22,23,0.0969909091
1317,2022-05-03,MSFT,12,39,0.060175
1318,2022-05-04,MSFT,17,36,-0.0456941176
1319,2022-05-05,MSFT,16,44,0.03276875
1320,2022-05-06,MSFT,20,27,0.05437
1321,2022-05-07,MSFT,4,37,0.519675
1322,2022-05-08,MSFT,7,34,-0.0784142857
1323,2022-05-09,MSFT,30,30,-0.00486
1324,2022-05-10,MSFT,29,28,0.1005517241
1325,2022-05-11,MSFT,35,31,0.1436742857
1326,2022-05-12,MSFT,54,18,0.0763925926
1327,2022-05-13,MSFT,10,50,0.09935
1328,2022-05-14,MSFT,2,81,-0.1653
1329,2022-05-16,MSFT,28,14,0.1058035714
1330,2022-05-17,MSFT,9,61,0.0360555556
1331,2022-05-18,MSFT,10,67,0.15359
1332,2022-05-19,MSFT,13,50,0.1517615385
1333,2022-05-20,MSFT,15,33,0.1216933333
1334,2022-05-21,MSFT,1,171,-0.0539
1335,2022-05-22,MSFT,3,78,-0.1775333333
1336,2022-05-23,MSFT,18,30,-0.0498666667
1337,2022-05-24,MSFT,23,36,0.0835521739
1338,2022-05-25,MSFT,27,22,0.0526259259
1339,2022-05-26,MSFT,10,45,0.16534
1340,2022-05-27,MSFT,7,54,0.2567428571
1341,2022-05-28,MSFT,4,23,-0.391425
1342,2022-05-29,MSFT,1,136,0.3612
1343,2022-05-30,MSFT,1,175,0.8225
1344,2022-05-31,MSFT,8,48,0.0231
1345,2022-06-01,MSFT,12,31,-0.0685083333
1346,2022-06-02,MSFT,154,4,-0.0307168831
1347,2022-06-03,MSFT,33,10,-0.0780060606
1348,2022-06-04,MSFT,4,15,-0.817125
1349,2022-06-05,MSFT,2,85,0.6079
1350,2022-06-06,MSFT,17,18,-0.0159470588
1351,2022-06-07,MSFT,17,20,-0.0328705882
1352,2022-06-08,MSFT,19,22,0.1920736842
1353,2022-06-09,MSFT,13,27,-0.0138153846
1354,2022-06-10,MSFT,16,25,-0.0275375
1355,2022-06-11,MSFT,3,41,0.2502
1356,2022-06-12,MSFT,10,20,0.22369
1357,2022-06-13,MSFT,21,28,0.1436809524
1358,2022-06-14,MSFT,7,69,-0.0595714286
1359,2022-06-15,MSFT,6,71,-0.1189166667
1360,2022-06-16,MSFT,14,42,-0.0133285714
1361,2022-06-17,MSFT,4,91,0.326225
1362,2022-06-18,MSFT,3,62,0.153
1363,2022-06-19,MSFT,1,145,0.0
1364,2022-06-20,MSFT,4,37,0.0436
1365,2022-06-21,MSFT,5,71,0.36646
1366,2022-06-22,MSFT,6,68,0.6691333333
1367,2022-06-23,MSFT,14,38,0.1237
1368,2022-06-24,MSFT,8,47,-0.0823125
1369,2022-06-25,MSFT,2,44,0.27915
1370,2022-06-26,MSFT,1,160,0.0
1371,2022-06-27,MSFT,2,153,0.3126
1372,2022-06-28,MSFT,12,38,0.013
1373,2022-06-29,MSFT,29,16,-0.0625448276
1374,2022-06-30,MSFT,18,24,0.0271833333
1375,2022-07-01,MSFT,10,33,-0.04148
1376,2022-07-02,MSFT,1,122,0.4939
1377,2022-07-03,MSFT,2,56,0.21075
1378,2022-07-04,MSFT,2,71,0.0
1379,2022-07-05,MSFT,9,45,0.3261666667
1380,2022-07-06,MSFT,13,19,-0.0875384615
1381,2022-07-07,MSFT,11,33,-0.0222454545
1382,2022-07-08,MSFT,10,33,-0.0258
1383,2022-07-09,MSFT,2,47,0.0
1384,2022-07-10,MSFT,2,77,-0.0584
1385,2022-07-11,MSFT,13,23,0.0660769231
1386,2022-07-12,MSFT,50,8,-0.05232
1387,2022-07-13,MSFT,19,21,-0.0221842105
1388,2022-07-14,MSFT,12,37,-0.18115
1389,2022-07-15,MSFT,14,22,0.0490214286
1390,2022-07-16,MSFT,1,121,-0.5574
1391,2022-07-17,MSFT,5,27,0.00986
1392,2022-07-18,MSFT,16,26,-0.0508375
1393,2022-07-19,MSFT,9,45,-0.0506333333
1394,2022-07-20,MSFT,18,30,0.0067555556
1395,2022-07-21,MSFT,15,29,0.1545466667
1396,2022-07-22,MSFT,16,22,0.12965
1397,2022-07-23,MSFT,8,8,0.073625
1398,2022-07-24,MSFT,4,39,0.459225
1399,2022-07-25,MSFT,42,13,-0.0339714286
1400,2022-07-26,MSFT,456,1,0.0110094298
1401,2022-07-27,MSFT,112,4,-0.0505348214
1402,2022-07-28,MSFT,69,13,-0.0953565217
1403,2022-07-29,MSFT,18,20,-0.1319444444
1404,2022-07-30,MSFT,4,24,0.467125
1405,2022-08-01,MSFT,12,39,0.0096833333
1406,2022-08-02,MSFT,8,66,-0.017225
1407,2022-08-03,MSFT,18,34,0.1247277778
1408,2022-08-04,MSFT,13,41,0.1672153846
1409,2022-08-05,MSFT,5,82,0.04074
1410,2022-08-06,MSFT,2,56,-0.12555
1411,2022-08-07,MSFT,2,103,0.49335
1412,2022-08-08,MSFT,10,56,0.09979
1413,2022-08-09,MSFT,30,18,0.04955
1414,2022-08-10,MSFT,13,40,0.0694307692
1415,2022-08-11,MSFT,13,44,0.0946307692
1416,2022-08-12,MSFT,8,57,0.017925
1417,2022-08-14,MSFT,1,211,0.0
1418,2022-08-15,MSFT,11,47,-0.1046727273
1419,2022-08-16,MSFT,12,57,0.0099416667
1420,2022-08-17,MSFT,10,51,0.00129
1421,2022-08-18,MSFT,13,43,-0.1947769231
1422,2022-08-19,MSFT,11,46,0.139
1423,2022-08-20,MSFT,2,80,-0.19345
1424,2022-08-21,MSFT,1,200,-0.5837
1425,2022-08-22,MSFT,7,61,0.1957
1426,2022-08-23,MSFT,8,60,0.0153875
1427,2022-08-24,MSFT,10,52,-0.06827
1428,2022-08-25,MSFT,8,54,-0.0390125
1429,2022-08-26,MSFT,8,54,0.4696625
1430,2022-08-27,MSFT,4,26,0.1444
1431,2022-08-28,MSFT,2,104,0.1051
1432,2022-08-29,MSFT,6,62,0.11015
1433,2022-08-30,MSFT,6,69,-0.0959666667
1434,2022-08-31,MSFT,11,41,0.1179
1435,2022-09-01,MSFT,11,38,-0.0979727273
1436,2022-09-02,MSFT,9,28,-0.1552555556
1437,2022-09-05,MSFT,3,63,0.4251
1438,2022-09-06,MSFT,15,27,-0.0439733333
1439,2022-09-07,MSFT,7,57,-0.1254857143
1440,2022-09-08,MSFT,4,91,-0.4648
1441,2022-09-09,MSFT,10,26,0.33169
1442,2022-09-11,MSFT,3,43,0.0557333333
1443,2022-09-12,MSFT,5,62,0.13176
1444,2022-09-13,MSFT,11,41,0.1898181818
1445,2022-09-14,MSFT,14,23,0.0951142857
1446,2022-09-15,MSFT,36,14,-0.0158583333
1447,2022-09-16,MSFT,12,28,0.14215
1448,2022-09-17,MSFT,4,22,-0.25485
1449,2022-09-18,MSFT,2,72,-0.1366
1450,2022-09-19,MSFT,20,14,-0.209205
1451,2022-09-20,MSFT,41,9,0.0485268293
1452,2022-09-21,MSFT,35,12,-0.0609542857
1453,2022-09-22,MSFT,44,12,0.1911681818
1454,2022-09-23,MSFT,31,16,-0.0367258065
1455,2022-09-25,MSFT,4,37,-0.064825
1456,2022-09-26,MSFT,14,26,0.0078142857
1457,2022-09-27,MSFT,12,29,0.0136333333
1458,2022-09-28,MSFT,4,94,0.24165
1459,2022-09-29,MSFT,17,27,0.2211411765
1460,2022-09-30,MSFT,15,23,0.1146466667
1461,2022-10-01,MSFT,2,67,-0.3183
1462,2022-10-02,MSFT,5,31,-0.31416
1463,2022-10-03,MSFT,8,47,0.1602625
1464,2022-10-04,MSFT,15,29,0.0720866667
1465,2022-10-05,MSFT,5,71,0.18514
1466,2022-10-06,MSFT,4,95,0.033425
1467,2022-10-07,MSFT,14,25,0.2262
1468,2022-10-08,MSFT,1,143,0.7303
1469,2022-10-09,MSFT,3,49,0.1266666667
1470,2022-10-10,MSFT,21,14,0.0264333333
1471,2022-10-11,MSFT,16,27,0.08858125
1472,2022-10-12,MSFT,10,43,0.21813
1473,2022-10-13,MSFT,24,19,0.0726458333
1474,2022-10-14,MSFT,8,42,-0.0911375
1475,2022-10-15,MSFT,3,39,0.7068666667
1476,2022-10-16,MSFT,1,154,0.6808
1477,2022-10-17,MSFT,14,22,0.2500428571
1478,2022-10-18,MSFT,14,28,0.0612214286
1479,2022-10-19,MSFT,13,23,0.1677692308
