,Ticker,Date,Name,AcquiredDisposedCode,TransactionCode,Shares,PricePerShare,SharesOwnedFollowing
0,AVLR,2022-10-19T00:00:00.000Z,SHARPLES BRIAN,D,D,355.0,93.5,0.0
1,AVLR,2022-10-19T00:00:00.000Z,SHARPLES BRIAN,D,D,4841.0,93.5,0.0
2,MKC,2022-10-19T00:00:00.000Z,Foley Brendan M,D,S,3200.0,75.466,702.455
3,AVLR,2022-10-19T00:00:00.000Z,Foote Marion R,D,D,364341.0,93.5,0.0
4,RKT,2022-10-19T00:00:00.000Z,Farner Jay,A,P,29700.0,6.71,4830407.0
5,AVLR,2022-10-19T00:00:00.000Z,Crawford Bruce T,D,D,3399.0,93.5,0.0
6,SHLX,2022-10-19T00:00:00.000Z,Carsten Shawn J.,D,D,18700.0,15.85,0.0
7,AVLR,2022-10-19T00:00:00.000Z,Manning Daniel E.,D,D,17052.0,93.5,0.0
8,TGEN,2022-10-19T00:00:00.000Z,HATSOPOULOS JOHN,A,P,5000.0,1.0,314863.0
9,PVL,2022-10-19T00:00:00.000Z,PERMIANVILLE HOLDINGS LLC,D,S,28000.0,3.7897,8385378.0
10,AVLR,2022-10-19T00:00:00.000Z,McFarlane Scott M,D,D,540644.0,93.5,0.0
11,AVLR,2022-10-19T00:00:00.000Z,McFarlane Scott M,D,D,109375.0,93.5,0.0
12,IMRA,2022-10-19T00:00:00.000Z,"RA CAPITAL MANAGEMENT, L.P.",A,P,125726.0,3.8867,3134923.0
13,STRR,2022-10-19T00:00:00.000Z,Eberwein Jeffrey E.,A,P,10000.0,1.0,2660719.0
14,AVLR,2022-10-19T00:00:00.000Z,Mathradas Amit,D,D,95995.0,93.5,0.0
15,AVLR,2022-10-19T00:00:00.000Z,Zwickert Kathleen,D,D,6031.0,93.5,0.0
16,AVLR,2022-10-19T00:00:00.000Z,Martin Marcela,D,D,3063.0,93.5,0.0
17,SHLX,2022-10-19T00:00:00.000Z,Jones Rob L.,D,D,30000.0,15.85,0.0
18,AVLR,2022-10-19T00:00:00.000Z,Reller Tami,D,D,71162.0,93.5,0.0
19,AVLR,2022-10-19T00:00:00.000Z,GILHULY EDWARD A,D,D,4597.0,93.5,0.0
20,SHLX,2022-10-19T00:00:00.000Z,Ledbetter Steven,D,D,4000.0,15.85,0.0
21,AVLR,2022-10-19T00:00:00.000Z,GILHULY EDWARD A,D,D,220000.0,93.5,0.0
22,XPRO,2022-10-19T00:00:00.000Z,KEARNEY MICHAEL C,D,S,9565.0,16.0287,293312.0
23,AVLR,2022-10-19T00:00:00.000Z,SINGH RAJEEV,D,D,15629.0,93.5,0.0
24,WINA,2022-10-19T00:00:00.000Z,Ishaug Anthony D,D,S,3496.0,232.0,42474.0
25,WINA,2022-10-19T00:00:00.000Z,Ishaug Anthony D,A,M,2674.0,55.72,45148.0
26,NRC,2022-10-19T00:00:00.000Z,Amandla MK Trust,D,S,9089.0,40.8479,4541772.0
27,SHLX,2022-10-19T00:00:00.000Z,BENDER JAMES J,D,D,35000.0,15.85,0.0
28,SHLX,2022-10-19T00:00:00.000Z,Muratta Lori M,D,D,12960.0,15.85,0.0
29,AVLR,2022-10-19T00:00:00.000Z,INGRAM WILLIAM,D,D,5576.0,93.5,0.0
30,SHLX,2022-10-19T00:00:00.000Z,Muratta Lori M,D,D,2310.0,15.85,0.0
31,SHLX,2022-10-19T00:00:00.000Z,Guillory Sean,D,D,1399.0,15.85,0.0
32,AVLR,2022-10-19T00:00:00.000Z,PINNEY ALESIA LEE,D,D,49840.0,93.5,0.0
33,WINA,2022-10-19T00:00:00.000Z,Ishaug Anthony D,A,M,3496.0,59.77,45970.0
34,AVLR,2022-10-19T00:00:00.000Z,Tallapragada Srinivas,D,D,3399.0,93.5,0.0
35,RKT,2022-10-19T00:00:00.000Z,Rizik Matthew,A,P,3200.0,6.7,434902.0
36,JPM,2022-10-18T00:00:00.000Z,Petno Douglas B,D,S,5140.0,120.0496,253150.0
37,BANF,2022-10-18T00:00:00.000Z,SCHMIDT DARRYL,A,P,210.387,91.229,48194.081
38,DRI,2022-10-18T00:00:00.000Z,Broad Matthew R,A,M,3516.0,59.01,20408.69
39,CHTR,2022-10-18T00:00:00.000Z,Liberty Broadband Corp,D,D,468388.0,389.71,28913805.0
40,DRI,2022-10-18T00:00:00.000Z,Broad Matthew R,D,S,3516.0,132.7322,16892.69
41,WINA,2022-10-18T00:00:00.000Z,Ishaug Anthony D,D,S,443.0,234.49,42285.0
42,AHCO,2022-10-18T00:00:00.000Z,Everest Hill Group Inc.,D,S,5395.0,22.0,14380481.0
43,PGNY,2022-10-18T00:00:00.000Z,Anevski Peter,A,M,18000.0,3.95,268445.0
44,BAH,2022-10-18T00:00:00.000Z,Thompson Elizabeth M,D,S,7285.0,100.0,21465.0
45,MNMD,2022-10-18T00:00:00.000Z,Barrow Robert,D,S,1220.0,3.11,252300.0
46,AMZN,2022-10-18T00:00:00.000Z,Selipsky Adam,D,S,14.0,119.28,113140.0
47,JBT,2022-10-18T00:00:00.000Z,DEVINE CAROLINE MAURY,D,S,300.0,97.35,46748.735
48,AMZN,2022-10-18T00:00:00.000Z,Selipsky Adam,D,S,115.0,117.3409,113184.0
49,TEAM,2022-10-18T00:00:00.000Z,Farquhar Scott,D,S,50.0,213.31,442669.0
50,WINA,2022-10-18T00:00:00.000Z,Ishaug Anthony D,D,S,2061.0,233.87,40224.0
51,TEAM,2022-10-18T00:00:00.000Z,Farquhar Scott,D,S,566.0,204.4279,442719.0
52,OLLI,2022-10-18T00:00:00.000Z,Comitale James J,D,F,206.0,55.88,499.0
53,OLLI,2022-10-18T00:00:00.000Z,Comitale James J,A,M,705.0,0.0,705.0
54,CAG,2022-10-18T00:00:00.000Z,Bartell Carey,D,S,6408.0,34.5,0.0
55,EME,2022-10-18T00:00:00.000Z,POMPA MARK A,D,S,10000.0,130.01,111143.0
56,TRC,2022-10-18T00:00:00.000Z,Leggio Anthony L.,A,A,1031.0,14.4,42445.0
57,WINA,2022-10-18T00:00:00.000Z,Ishaug Anthony D,A,M,2504.0,55.72,42728.0
58,TRC,2022-10-18T00:00:00.000Z,Morgan Rhea Frawn,A,A,771.0,14.4,4921.0
59,PGNY,2022-10-18T00:00:00.000Z,Anevski Peter,D,S,4360.0,39.61,186277.0
60,PGNY,2022-10-18T00:00:00.000Z,Anevski Peter,D,S,17440.0,39.61,251005.0
61,WINA,2022-10-18T00:00:00.000Z,Ishaug Anthony D,A,M,2250.0,55.72,42474.0
62,PGNY,2022-10-18T00:00:00.000Z,Anevski Peter,D,S,140.0,40.43,186137.0
63,RKT,2022-10-18T00:00:00.000Z,Rizik Matthew,A,P,3100.0,7.0,431702.0
64,PGNY,2022-10-18T00:00:00.000Z,Anevski Peter,D,S,560.0,40.43,250445.0
65,MICS,2022-10-18T00:00:00.000Z,"BitNile Holdings, Inc.",A,P,100.0,6.1,1781100.0
66,BAH,2022-10-18T00:00:00.000Z,Crowe Richard,D,S,2573.0,100.0,14278.0
67,PRDO,2022-10-18T00:00:00.000Z,NELSON TODD S,D,S,21000.0,10.88,890417.0
68,XPRO,2022-10-18T00:00:00.000Z,KEARNEY MICHAEL C,D,S,2100.0,16.0186,302877.0
69,HUBS,2022-10-18T00:00:00.000Z,Halligan Brian,D,S,8500.0,284.7,648280.0
70,TEAM,2022-10-18T00:00:00.000Z,Cannon-Brookes Michael,D,S,650.0,210.2577,447278.0
71,SMR,2022-10-18T00:00:00.000Z,Green Energy New Technology Investment Fund,D,S,10000.0,11.56,4571548.0
72,ASTC,2022-10-18T00:00:00.000Z,Leonard Braden Michael,A,P,50000.0,0.3875,5955845.0
73,HIMS,2022-10-18T00:00:00.000Z,Boughton Soleil,D,S,5545.0,4.44,330271.0
74,EME,2022-10-18T00:00:00.000Z,Guzzi Anthony,D,S,7500.0,130.0,268927.0
75,TEAM,2022-10-18T00:00:00.000Z,Farquhar Scott,D,S,1281.0,202.3955,439314.0
76,TRC,2022-10-18T00:00:00.000Z,METCALFE NORMAN J,A,A,1205.0,14.4,73840.0
77,AMZN,2022-10-18T00:00:00.000Z,Selipsky Adam,D,S,253.0,116.4641,113299.0
78,CSWI,2022-10-18T00:00:00.000Z,Armes Joseph B,D,S,549.0,122.27,59176.0
79,BAH,2022-10-18T00:00:00.000Z,Crowe Richard,A,M,2573.0,22.17,16851.0
80,DRI,2022-10-18T00:00:00.000Z,Broad Matthew R,D,G,150.0,0.0,16742.69
81,AMZN,2022-10-18T00:00:00.000Z,Selipsky Adam,D,S,88.0,115.3268,113552.0
82,ZS,2022-10-18T00:00:00.000Z,Schlossman Robert,D,S,3825.0,150.83,141279.0
83,AAON,2022-10-18T00:00:00.000Z,Gadiwalla Rony D,D,S,439.0,57.0,20726.0
84,TEAM,2022-10-18T00:00:00.000Z,Farquhar Scott,D,S,2074.0,201.6085,440595.0
85,AMZN,2022-10-18T00:00:00.000Z,Selipsky Adam,D,S,30.0,118.22,113154.0
86,NRC,2022-10-18T00:00:00.000Z,Amandla MK Trust,D,S,13332.0,41.0087,4551604.0
87,MKC,2022-10-18T00:00:00.000Z,Foley Brendan M,D,J,3200.0,,69786.46
88,AAON,2022-10-18T00:00:00.000Z,Gadiwalla Rony D,A,M,439.0,41.37,21165.0
89,PGNY,2022-10-18T00:00:00.000Z,Schlanger David J,D,S,863.0,40.43,82548.0
90,TRC,2022-10-18T00:00:00.000Z,TISCH DANIEL R,A,A,1292.0,14.4,67103.0
91,AMBA,2022-10-18T00:00:00.000Z,PAISLEY CHRISTOPHER B,A,M,1555.0,38.92,33572.0
92,CSWI,2022-10-18T00:00:00.000Z,Armes Joseph B,D,S,1451.0,121.3,59725.0
93,NRC,2022-10-18T00:00:00.000Z,Amandla MK Trust,D,S,743.0,41.6211,4550861.0
94,AAON,2022-10-18T00:00:00.000Z,Stewart Larry Gene,D,S,515.0,56.69,0.0
95,CMC,2022-10-18T00:00:00.000Z,GARRISON TY L,D,S,14304.0,43.83,134635.0
96,PTCT,2022-10-18T00:00:00.000Z,Boulding Mark Elliott,D,S,289.0,55.043,61110.0
97,EHC,2022-10-18T00:00:00.000Z,Reidy Christopher R,A,A,507.0,49.7,6085.0
98,JBL,2022-10-18T00:00:00.000Z,BORGES STEVEN D,D,S,19695.0,62.0,187100.0
99,TEAM,2022-10-18T00:00:00.000Z,Cannon-Brookes Michael,D,S,750.0,211.706,442811.0
100,RILY,2022-10-18T00:00:00.000Z,Williams Mikel H,D,D,904.0,0.0,65698.0
101,WAVD,2022-10-18T00:00:00.000Z,BENOIT GERALD JAMES JR,A,P,11907.0,1.22,1553081.0
102,MYGN,2022-10-18T00:00:00.000Z,Wong Pamela,D,F,1972.0,20.0,51860.0
103,VOXX,2022-10-18T00:00:00.000Z,Kahli Beat,A,P,25000.0,7.24,716161.0
104,TEAM,2022-10-18T00:00:00.000Z,Farquhar Scott,D,S,993.0,200.4525,443935.0
105,CRM,2022-10-18T00:00:00.000Z,Benioff Marc,A,M,2300.0,80.99,27763668.0
106,CABA,2022-10-18T00:00:00.000Z,Nichtberger Steven,A,P,141873.0,0.9939,978356.0
107,MYGN,2022-10-18T00:00:00.000Z,Wong Pamela,D,F,1346.0,20.0,53832.0
108,PB,2022-10-18T00:00:00.000Z,Davenport J. Mays,A,A,10000.0,0.0,66194.0
109,EHC,2022-10-18T00:00:00.000Z,CHIDSEY JOHN,A,A,848.0,49.73,156101.0
110,PGNY,2022-10-18T00:00:00.000Z,Schlanger David J,A,M,32459.0,0.91,115007.0
111,PINE,2022-10-18T00:00:00.000Z,"CTO Realty Growth, Inc.",A,P,2000.0,17.05,36260.0
112,IMRA,2022-10-18T00:00:00.000Z,"RA CAPITAL MANAGEMENT, L.P.",A,P,234799.0,3.76,3009197.0
113,SG,2022-10-18T00:00:00.000Z,Shlossman Daniel,D,S,4000.0,20.0,244270.0
114,AEHR,2022-10-18T00:00:00.000Z,SPORCK ALISTAIR N,D,F,439.0,18.5,14561.0
115,TEAM,2022-10-18T00:00:00.000Z,Cannon-Brookes Michael,D,S,993.0,200.4526,446285.0
116,TRC,2022-10-18T00:00:00.000Z,Fuller Jeannie Lynn,A,A,771.0,14.4,10656.0
117,TEAM,2022-10-18T00:00:00.000Z,Cannon-Brookes Michael,D,S,400.0,207.0657,439564.0
118,TEAM,2022-10-18T00:00:00.000Z,Farquhar Scott,D,S,400.0,208.185,447528.0
119,TEAM,2022-10-18T00:00:00.000Z,Farquhar Scott,D,S,750.0,203.6793,446528.0
120,PTCT,2022-10-18T00:00:00.000Z,Boulding Mark Elliott,D,S,10.0,55.45,61110.0
121,TEAM,2022-10-18T00:00:00.000Z,Farquhar Scott,D,S,200.0,212.5725,445328.0
122,TEAM,2022-10-18T00:00:00.000Z,Cannon-Brookes Michael,D,S,567.0,204.4284,440214.0
123,KNBE,2022-10-18T00:00:00.000Z,Venkataraman Shrikrishna,D,S,350.0,24.5,377187.0
124,RCG,2022-10-18T00:00:00.000Z,STAHL MURRAY,A,P,240.0,2.1999,190820.0
125,HAFC,2022-10-18T00:00:00.000Z,Pangrazio Joseph,D,F,100.0,25.39,900.0
126,TEAM,2022-10-18T00:00:00.000Z,Farquhar Scott,D,S,250.0,205.6692,447278.0
127,MKC,2022-10-18T00:00:00.000Z,Foley Brendan M,D,S,2152.0,74.6239,702.455
128,TEAM,2022-10-18T00:00:00.000Z,Cannon-Brookes Michael,D,S,50.0,213.31,443561.0
129,MASS,2022-10-18T00:00:00.000Z,Knopp Kevin J.,D,S,18800.0,15.32,500642.0
130,NARI,2022-10-18T00:00:00.000Z,MILDER DONALD B,D,S,7000.0,80.07,3192614.0
131,TIPT,2022-10-18T00:00:00.000Z,Bell Sandra,D,S,500.0,11.42,14067.0
132,CRM,2022-10-18T00:00:00.000Z,Benioff Marc,D,S,577.0,154.6205,27761929.0
133,TEAM,2022-10-18T00:00:00.000Z,Cannon-Brookes Michael,D,S,250.0,209.068,439964.0
134,TPL,2022-10-18T00:00:00.000Z,STAHL MURRAY,A,P,1.0,2017.07,1604.0
135,JNPR,2022-10-18T00:00:00.000Z,Austin Thomas A,A,M,6600.0,0.0,31306.0
136,GIM,2022-10-18T00:00:00.000Z,FRANKLIN RESOURCES INC,A,P,60150.0,4.0809,9177163.0
137,CABA,2022-10-18T00:00:00.000Z,Simon Mark,A,P,7000.0,0.9764,7000.0
138,FTCI,2022-10-18T00:00:00.000Z,Springer David,D,S,2308.0,2.31,336153.0
139,FTCI,2022-10-18T00:00:00.000Z,Springer David,D,S,2307.0,2.31,336154.0
140,W,2022-10-18T00:00:00.000Z,Oblak Steve,D,S,624.0,35.55,165135.0
141,TRC,2022-10-18T00:00:00.000Z,WINER MICHAEL H,A,A,1031.0,14.4,20556.0
142,TEAM,2022-10-18T00:00:00.000Z,Cannon-Brookes Michael,D,S,250.0,205.6695,439314.0
143,FTCI,2022-10-18T00:00:00.000Z,Springer David,D,S,62306.0,2.31,6163888.0
144,FTK,2022-10-18T00:00:00.000Z,Farber Evan R,A,A,56980.0,0.0,56980.0
145,PVL,2022-10-18T00:00:00.000Z,PERMIANVILLE HOLDINGS LLC,D,S,24046.0,3.7506,8413378.0
146,TEAM,2022-10-18T00:00:00.000Z,Cannon-Brookes Michael,D,S,400.0,208.185,445885.0
147,AEHR,2022-10-18T00:00:00.000Z,HENDRICKSON DAVID S,A,A,1250.0,0.0,86016.0
148,WAVD,2022-10-18T00:00:00.000Z,BENOIT GERALD JAMES JR,A,P,1300.0,1.23,1554381.0
149,STRR,2022-10-18T00:00:00.000Z,Eberwein Jeffrey E.,A,P,10000.0,0.97,2650719.0
150,CABA,2022-10-18T00:00:00.000Z,Binder Gwendolyn,A,P,20000.0,0.9947,20000.0
151,TEAM,2022-10-18T00:00:00.000Z,Farquhar Scott,D,S,400.0,207.0657,444928.0
152,CABA,2022-10-18T00:00:00.000Z,Bollard Catherine,A,P,1000.0,0.9935,1000.0
153,BLND,2022-10-18T00:00:00.000Z,Sumner Crystal,D,S,12920.0,2.1092,599772.0
154,WAVD,2022-10-18T00:00:00.000Z,BENOIT GERALD JAMES JR,A,P,5600.0,1.25,1560781.0
155,TEAM,2022-10-18T00:00:00.000Z,Cannon-Brookes Michael,D,S,2074.0,201.6086,443611.0
156,BLND,2022-10-18T00:00:00.000Z,Sumner Crystal,A,M,12920.0,0.87,612692.0
157,TEAM,2022-10-18T00:00:00.000Z,Farquhar Scott,D,S,250.0,209.068,445528.0
158,W,2022-10-18T00:00:00.000Z,FLEISHER MICHAEL D,D,S,2800.0,34.59,77614.0
159,LLY,2022-10-18T00:00:00.000Z,LILLY ENDOWMENT INC,D,S,3966.0,335.039,103529293.0
160,PB,2022-10-18T00:00:00.000Z,Hanigan Kevin J,A,A,30000.0,0.0,206691.0
161,JNPR,2022-10-18T00:00:00.000Z,Austin Thomas A,D,F,1938.0,27.44,29368.0
162,VZIO,2022-10-18T00:00:00.000Z,AmTRAN Technology Co. Ltd.,D,S,10000.0,10.08,11180467.0
163,FTCI,2022-10-18T00:00:00.000Z,ARC Family Trust,D,S,50000.0,2.3,17241357.0
164,RCG,2022-10-18T00:00:00.000Z,STAHL MURRAY,A,P,2.0,2.2,3520.0
165,RCG,2022-10-18T00:00:00.000Z,STAHL MURRAY,A,P,60.0,2.1998,47672.0
166,KNBE,2022-10-18T00:00:00.000Z,Venkataraman Shrikrishna,A,C,350.0,0.0,377537.0
167,AEHR,2022-10-18T00:00:00.000Z,SPINK KENNETH B.,D,S,30000.0,18.65,127673.0
168,W,2022-10-18T00:00:00.000Z,FLEISHER MICHAEL D,D,S,2817.0,35.45,74797.0
169,TPL,2022-10-18T00:00:00.000Z,STAHL MURRAY,A,P,1.0,2028.61,43202.0
170,CRM,2022-10-18T00:00:00.000Z,Benioff Marc,D,S,742.0,153.6843,27762506.0
171,PTCT,2022-10-18T00:00:00.000Z,Boulding Mark Elliott,A,M,289.0,30.86,61399.0
172,CRM,2022-10-18T00:00:00.000Z,Benioff Marc,D,S,201.0,155.8395,27761728.0
173,AEHR,2022-10-18T00:00:00.000Z,HENDRICKSON DAVID S,D,F,434.0,18.5,85582.0
174,TRC,2022-10-18T00:00:00.000Z,Betts Steven A.,A,A,1031.0,14.4,35047.0
175,IRL,2022-10-18T00:00:00.000Z,"Saba Capital Management, L.P.",A,P,7693.0,7.1,423482.0
176,STER,2022-10-18T00:00:00.000Z,BARNETT STEVEN L,D,S,27826.0,19.6121,107253.0
177,TRC,2022-10-18T00:00:00.000Z,STACK GEOFFREY L,A,A,1552.0,14.4,86240.0
178,VZIO,2022-10-18T00:00:00.000Z,AmTRAN Technology Co. Ltd.,D,S,10000.0,10.07,11190467.0
179,GEG,2022-10-18T00:00:00.000Z,Reese Jason W.,A,P,21494.0,2.0,4988909.0
180,RKT,2022-10-18T00:00:00.000Z,Farner Jay,A,P,28600.0,7.0,4800707.0
181,TRC,2022-10-18T00:00:00.000Z,Hori Susan K,A,A,1292.0,14.4,3928.0
182,CRM,2022-10-18T00:00:00.000Z,Benioff Marc,D,S,182.0,158.2607,27761368.0
183,MKC,2022-10-18T00:00:00.000Z,Foley Brendan M,A,J,3200.0,,3902.455
184,GIM,2022-10-18T00:00:00.000Z,"Saba Capital Management, L.P.",A,P,165389.0,4.06,34906546.0
185,CABA,2022-10-18T00:00:00.000Z,Marda Anup,A,P,50000.0,0.9924,50000.0
186,FUL,2022-10-18T00:00:00.000Z,Owens James,D,S,20777.0,67.5267,163702.776
187,SUI,2022-10-18T00:00:00.000Z,Weiss Aaron,D,F,926.0,125.6,17562.0
188,TEAM,2022-10-18T00:00:00.000Z,Cannon-Brookes Michael,D,S,750.0,203.6793,442061.0
189,CRM,2022-10-18T00:00:00.000Z,Benioff Marc,D,S,420.0,152.8221,27763248.0
190,VZIO,2022-10-18T00:00:00.000Z,AmTRAN Technology Co. Ltd.,D,S,20000.0,10.06,11200467.0
191,W,2022-10-18T00:00:00.000Z,Oblak Steve,D,S,600.0,34.59,165759.0
192,PTCT,2022-10-18T00:00:00.000Z,Boulding Mark Elliott,A,M,10.0,30.86,61120.0
193,TPL,2022-10-18T00:00:00.000Z,STAHL MURRAY,A,P,4.0,2030.07,196787.0
194,BFI,2022-10-18T00:00:00.000Z,JOHN ROSATTI REVOCABLE TRUST,D,S,5000.0,2.06,3447140.0
195,TEAM,2022-10-18T00:00:00.000Z,Farquhar Scott,D,S,650.0,210.2577,443285.0
196,FTCI,2022-10-18T00:00:00.000Z,Springer David,D,S,2307.0,2.31,336153.0
197,CABA,2022-10-18T00:00:00.000Z,Simon Mark,A,P,118000.0,0.977,136144.0
198,PGNY,2022-10-18T00:00:00.000Z,Schlanger David J,D,S,31596.0,39.62,83411.0
199,WAVD,2022-10-18T00:00:00.000Z,BENOIT GERALD JAMES JR,A,P,800.0,1.24,1555181.0
200,TEAM,2022-10-18T00:00:00.000Z,Cannon-Brookes Michael,D,S,1280.0,202.3951,440781.0
201,TEAM,2022-10-18T00:00:00.000Z,Farquhar Scott,D,S,750.0,211.706,445778.0
202,ESPR,2022-10-18T00:00:00.000Z,Foody Joanne M.,D,S,942.0,7.688,108135.0
203,ESPR,2022-10-18T00:00:00.000Z,Warren Eric,D,S,107.0,7.69,53662.0
204,ACRS,2022-10-18T00:00:00.000Z,SCHIFF ANDREW N,D,S,32093.0,16.8891,529555.0
205,APOG,2022-10-18T00:00:00.000Z,Parker Herbert K,D,S,12000.0,43.6123,21955.0
206,EMMA,2022-10-18T00:00:00.000Z,Niihara Yutaka,A,P,30000.0,0.19,11826357.0
207,CRM,2022-10-18T00:00:00.000Z,Benioff Marc,D,S,178.0,156.8633,27761550.0
208,TEAM,2022-10-18T00:00:00.000Z,Cannon-Brookes Michael,D,S,200.0,212.5725,445685.0
209,LLY,2022-10-18T00:00:00.000Z,LILLY ENDOWMENT INC,D,S,8076.0,333.533,103533259.0
210,TEAM,2022-10-17T00:00:00.000Z,Farquhar Scott,D,S,50.0,197.79,455475.0
211,BKNG,2022-10-17T00:00:00.000Z,Vojvodich Radakovich Lynn,D,S,41.0,1750.0,834.0
212,CSSE,2022-10-17T00:00:00.000Z,POMPADUR MARTIN,A,A,3530.0,0.0,10245.0
213,SFE,2022-10-17T00:00:00.000Z,Morrison Maureen F,A,A,4313.0,3.59,85915.0
214,GO,2022-10-17T00:00:00.000Z,Herman Thomas F,D,S,1478.0,32.52,36439.0
215,POWW,2022-10-17T00:00:00.000Z,Lockett Jessica M,A,A,10000.0,3.5,70000.0
216,EHC,2022-10-17T00:00:00.000Z,CARMICHAEL GREG D,A,A,27.0,0.0,8716.0
217,SFE,2022-10-17T00:00:00.000Z,DeMont Ross D,A,A,3981.0,3.59,184681.0
218,PVL,2022-10-17T00:00:00.000Z,PERMIANVILLE HOLDINGS LLC,D,S,6200.0,3.75,8437424.0
219,TPL,2022-10-17T00:00:00.000Z,STAHL MURRAY,A,P,2.0,2064.78,1447.0
220,GDL.E,2022-10-17T00:00:00.000Z,GABELLI MARIO J,A,P,200000.0,10.0,500000.0
221,RCG,2022-10-17T00:00:00.000Z,STAHL MURRAY,A,P,60.0,2.13,47612.0
222,WASH,2022-10-17T00:00:00.000Z,ALGIERE DENNIS L,D,F,212.0,48.56,10034.302
223,VVV,2022-10-17T00:00:00.000Z,MITCHELL SAMUEL J,D,F,40770.0,26.46,357059.0
224,MCW,2022-10-17T00:00:00.000Z,Lindsay Casey Penn,A,M,36978.0,0.46,36978.0
225,ASB,2022-10-17T00:00:00.000Z,Kitowski Nicole M,A,J,5.4137,22.188,32478.5123
226,SAVE,2022-10-17T00:00:00.000Z,Haralson Scott,D,F,66.0,19.54,55356.0
227,MICS,2022-10-17T00:00:00.000Z,"BitNile Holdings, Inc.",A,P,2000.0,6.319,1781000.0
228,TEAM,2022-10-17T00:00:00.000Z,Farquhar Scott,D,S,567.0,202.0464,455525.0
229,ACCD,2022-10-17T00:00:00.000Z,Cavanaugh Robert N,D,S,146.0,11.0301,143760.0
230,GO,2022-10-17T00:00:00.000Z,Herman Thomas F,D,S,522.0,32.949,35917.0
231,FTCI,2022-10-17T00:00:00.000Z,Springer David,D,S,62306.0,2.39,6226194.0
232,DUOL,2022-10-17T00:00:00.000Z,Skaruppa Matthew,D,S,8712.0,86.5011,54026.0
233,POWW,2022-10-17T00:00:00.000Z,Wallace Russell William Jr,A,A,10000.0,3.5,500000.0
234,DUOL,2022-10-17T00:00:00.000Z,Skaruppa Matthew,A,M,14000.0,14.42,65538.0
235,TEAM,2022-10-17T00:00:00.000Z,Farquhar Scott,D,S,250.0,207.014,456092.0
236,FUNC,2022-10-17T00:00:00.000Z,Rodeheaver Carissa Lynn,A,P,227.0,17.56,35485.932
237,DUOL,2022-10-17T00:00:00.000Z,Skaruppa Matthew,D,S,600.0,85.2095,62738.0
238,OMI,2022-10-17T00:00:00.000Z,Henkel Robert J,A,P,1000.0,15.68,28000.0
239,AVLR,2022-10-17T00:00:00.000Z,Foote Marion R,D,G,32100.0,0.0,364341.0
240,GDOT,2022-10-17T00:00:00.000Z,Gresham George W,A,A,103680.0,0.0,420822.0
241,CXM,2022-10-17T00:00:00.000Z,Haley Daniel P,D,S,40000.0,8.97,100000.0
242,EHC,2022-10-17T00:00:00.000Z,KATZ LESLYE G,A,A,123.0,0.0,40933.0
243,DUOL,2022-10-17T00:00:00.000Z,Skaruppa Matthew,D,S,2049.0,87.3442,51977.0
244,SMFR,2022-10-17T00:00:00.000Z,Ryan Jason,D,S,1281.0,0.8598,15833.0
245,VYNT,2022-10-17T00:00:00.000Z,Horobin Joanna,A,A,14285.0,,77994.0
246,CXM,2022-10-17T00:00:00.000Z,Haley Daniel P,A,C,40000.0,,140000.0
247,CSSE,2022-10-17T00:00:00.000Z,DeNicola Cosmo,A,A,3530.0,0.0,264868.0
248,YORW,2022-10-17T00:00:00.000Z,Colon Natalee,A,P,13.81,36.7128,1548.41
249,POWW,2022-10-17T00:00:00.000Z,Goodmanson Robert,A,A,42500.0,3.5,254616.0
250,EHC,2022-10-17T00:00:00.000Z,Maryland Patricia Anne,A,A,27.0,0.0,8716.0
251,DUOL,2022-10-17T00:00:00.000Z,Skaruppa Matthew,D,S,200.0,82.13,64038.0
252,EHC,2022-10-17T00:00:00.000Z,CORRELL DONALD L,A,A,292.0,0.0,96246.0
253,POWW,2022-10-17T00:00:00.000Z,WAGENHALS FRED W,A,A,60000.0,3.5,7284200.0
254,CIEN,2022-10-17T00:00:00.000Z,McFeely Scott,D,S,4000.0,40.32,79757.0
255,POWW,2022-10-17T00:00:00.000Z,Childress Richard Reed,A,A,10000.0,3.5,227500.0
256,CHRA,2022-10-17T00:00:00.000Z,Batarseh Jonathan,A,A,175000.0,0.0,175000.0
257,POWW,2022-10-17T00:00:00.000Z,Urvan Steven F.,A,A,10000.0,3.5,20050000.0
258,RCG,2022-10-17T00:00:00.000Z,STAHL MURRAY,A,P,240.0,2.13,190580.0
259,LLY,2022-10-17T00:00:00.000Z,Fyrwald J Erik,A,A,30.0,332.76,69837.0
260,NARI,2022-10-17T00:00:00.000Z,Hoffman William,D,S,1100.0,72.76,346381.0
261,LFST,2022-10-17T00:00:00.000Z,Gouk Warren,D,S,15106.0,8.01,6013309.0
262,TPL,2022-10-17T00:00:00.000Z,STAHL MURRAY,A,P,1.0,2057.35,1603.0
263,FTCI,2022-10-17T00:00:00.000Z,ARC Family Trust,D,S,50000.0,2.39,17291357.0
264,IONS,2022-10-17T00:00:00.000Z,Hayden Michael R,A,M,1777.0,0.0,23109.0
265,MRVI,2022-10-17T00:00:00.000Z,MARTIN WILLIAM E. III,A,A,120019.0,,120019.0
266,OSK,2022-10-17T00:00:00.000Z,Hawkins Thomas P,D,F,463.0,77.81,4842.245
267,VOXX,2022-10-17T00:00:00.000Z,Kahli Beat,A,P,25000.0,6.84,691161.0
268,EHC,2022-10-17T00:00:00.000Z,CHIDSEY JOHN,A,A,279.0,0.0,155253.0
269,PGNY,2022-10-17T00:00:00.000Z,Schlanger David J,D,S,1300.0,39.34,82548.0
270,OSK,2022-10-17T00:00:00.000Z,Hawkins Thomas P,A,M,458.0,77.81,5300.245
271,GWH,2022-10-17T00:00:00.000Z,Moftakhar Amir,D,S,63205.0,4.0252,583956.0
272,IMRA,2022-10-17T00:00:00.000Z,"RA CAPITAL MANAGEMENT, L.P.",A,P,145672.0,3.36,2774398.0
273,OSK,2022-10-17T00:00:00.000Z,Cortina Ignacio A,D,F,1009.0,77.81,33589.892
274,OSK,2022-10-17T00:00:00.000Z,Bryant John J,A,M,2146.0,77.81,18575.427
275,OSK,2022-10-17T00:00:00.000Z,Bryant John J,D,F,451.0,77.81,18074.427
276,LLY,2022-10-17T00:00:00.000Z,Sulzberger Gabrielle,A,A,30.0,332.76,1029.0
277,MSM,2022-10-17T00:00:00.000Z,Jones Douglas E,D,F,369.521,76.77,1133.0
278,OSK,2022-10-17T00:00:00.000Z,Bryant John J,A,M,959.0,77.81,18525.427
279,RCG,2022-10-17T00:00:00.000Z,STAHL MURRAY,A,P,240.0,2.13,193988.0
280,,2022-10-17T00:00:00.000Z,Wieland James,A,P,2197.5602,21.85,169212.1388
281,BFI,2022-10-17T00:00:00.000Z,JOHN ROSATTI REVOCABLE TRUST,D,S,5000.0,2.01,3452140.0
282,OSK,2022-10-17T00:00:00.000Z,Khare Anupam,D,F,813.0,77.81,7949.457
283,DUOL,2022-10-17T00:00:00.000Z,Skaruppa Matthew,D,S,439.0,88.196,51538.0
284,PTCT,2022-10-17T00:00:00.000Z,Boulding Mark Elliott,D,S,6402.0,55.0,61110.0
285,KTTA,2022-10-17T00:00:00.000Z,Delaney David,A,P,1000.0,1.11,227521.0
286,EMN,2022-10-17T00:00:00.000Z,SMITH BRIAN TRAVIS,D,F,580.0,73.94,1135.0
287,NRC,2022-10-17T00:00:00.000Z,Amandla MK Trust,D,S,9720.0,40.6292,4564936.0
288,TEAM,2022-10-17T00:00:00.000Z,Farquhar Scott,D,S,200.0,194.6548,456342.0
289,EHC,2022-10-17T00:00:00.000Z,O'Connor Kevin J.,A,A,10.0,0.0,3961.0
290,TWLO,2022-10-17T00:00:00.000Z,Manor Eyal,D,S,397.0,66.27,155687.0
291,,2022-10-17T00:00:00.000Z,Wieland James,A,A,434.7826,23.0,169646.9214
292,EMN,2022-10-17T00:00:00.000Z,SMITH BRIAN TRAVIS,A,M,1715.0,,1715.0
293,OSK,2022-10-17T00:00:00.000Z,Cortina Ignacio A,A,M,959.0,77.81,34548.892
294,ACRS,2022-10-17T00:00:00.000Z,SCHIFF ANDREW N,D,S,19944.0,16.0493,561648.0
295,CDNS,2022-10-17T00:00:00.000Z,TAN LIP BU,A,M,50000.0,19.6,652589.0
296,ABEO,2022-10-17T00:00:00.000Z,Seshadri Vishwas,D,F,207.0,4.3,165732.0
297,PTCT,2022-10-17T00:00:00.000Z,Boulding Mark Elliott,A,M,200.0,30.86,61310.0
298,LLY,2022-10-17T00:00:00.000Z,LILLY ENDOWMENT INC,D,S,16217.0,336.96,103541735.0
299,OSK,2022-10-17T00:00:00.000Z,Bryant John J,D,F,1009.0,77.81,17566.427
300,IONS,2022-10-17T00:00:00.000Z,Schneider Eugene,A,M,416.0,0.0,14176.0
301,BBY,2022-10-17T00:00:00.000Z,Eldracher Deborah DiSanzo,D,S,28.0,64.578,21412.0
302,PDCE,2022-10-17T00:00:00.000Z,Peterson Lynn A,D,S,5836.0,67.34,269331.0
303,WAVD,2022-10-17T00:00:00.000Z,BENOIT GERALD JAMES JR,A,P,5393.0,1.17,1541174.0
304,,2022-10-17T00:00:00.000Z,Haugen Timothy,A,P,26.6728,21.85,8135.143
305,LECO,2022-10-17T00:00:00.000Z,Bruno Gabriel,D,F,261.0,126.37,22507.0
306,LDI,2022-10-17T00:00:00.000Z,Lee John Hoon,D,S,200000.0,1.3693,1462556.0
307,CIEN,2022-10-17T00:00:00.000Z,ALEXANDER STEPHEN B,D,S,2000.0,40.32,23470.0
308,CDNS,2022-10-17T00:00:00.000Z,TAN LIP BU,D,S,50000.0,154.6613,602589.0
309,DUOL,2022-10-17T00:00:00.000Z,Skaruppa Matthew,D,S,1300.0,80.9146,64238.0
310,MASS,2022-10-17T00:00:00.000Z,Knopp Kevin J.,D,S,11200.0,14.68,519442.0
311,FTCI,2022-10-17T00:00:00.000Z,Springer David,D,S,2307.0,2.39,338461.0
312,FTCI,2022-10-17T00:00:00.000Z,Springer David,D,S,2308.0,2.39,338460.0
313,CVGW,2022-10-17T00:00:00.000Z,HELIN JAMES D,D,S,2000.0,32.0,26314.0
314,DUOL,2022-10-17T00:00:00.000Z,Skaruppa Matthew,D,S,700.0,84.32,63338.0
315,EMMA,2022-10-17T00:00:00.000Z,Niihara Yutaka,A,P,15000.0,0.2,11796357.0
316,ENSG,2022-10-17T00:00:00.000Z,Abbott Swati Bargotra,A,A,875.0,0.0,10942.0
317,DTIL,2022-10-17T00:00:00.000Z,Amoroso Michael,D,S,11006.0,1.32,13202.0
318,AVTE,2022-10-17T00:00:00.000Z,Dake Benjamin T,D,S,4185.0,20.1624,0.0
319,MCW,2022-10-17T00:00:00.000Z,Lindsay Casey Penn,D,S,36978.0,9.0,0.0
320,YORW,2022-10-17T00:00:00.000Z,BRACEY VERNON L,A,P,14.165,36.7128,1512.11
321,CXDO,2022-10-17T00:00:00.000Z,Vincent Ron,A,M,10000.0,0.0,53443.0
322,STAG,2022-10-17T00:00:00.000Z,Dilley Michelle,A,A,488.0,28.14,7181.0
323,COOK,2022-10-17T00:00:00.000Z,ANDRUS JEREMY,A,P,148878.0,2.896,9123599.0
324,LHX,2022-10-17T00:00:00.000Z,GIRARD JAMES P,A,M,12460.0,79.7,24603.57
325,SFE,2022-10-17T00:00:00.000Z,Glass Russell D,A,A,3981.0,3.59,83825.0
326,EMO,2022-10-17T00:00:00.000Z,"Saba Capital Management, L.P.",A,P,6921.0,27.05,1471219.0
327,ENSG,2022-10-17T00:00:00.000Z,Daniels Lee A,A,A,875.0,0.0,49504.0
328,ACCD,2022-10-17T00:00:00.000Z,SINGH RAJEEV,D,S,216.0,11.0301,151812.0
329,TPL,2022-10-17T00:00:00.000Z,STAHL MURRAY,A,P,4.0,2055.763,196783.0
330,RKT,2022-10-17T00:00:00.000Z,Farner Jay,A,P,28500.0,7.01,4772107.0
331,EMN,2022-10-17T00:00:00.000Z,Killian Christopher Moore,D,F,675.0,73.94,6449.0
332,RMCF,2022-10-17T00:00:00.000Z,GEYGAN JEFFREY RICHART,A,P,10000.0,5.9797,532648.0
333,MRVI,2022-10-17T00:00:00.000Z,MARTIN WILLIAM E. III,A,A,228036.0,,348055.0
334,IONS,2022-10-17T00:00:00.000Z,Schneider Eugene,D,F,144.0,46.52,14032.0
335,VVV,2022-10-17T00:00:00.000Z,MITCHELL SAMUEL J,A,M,61874.0,13.08,397829.0
336,ZWS,2022-10-17T00:00:00.000Z,Troy Peggy,A,A,923.0,24.38,36434.0
337,NXEN,2022-10-17T00:00:00.000Z,Goldfarb Robert I,A,A,250000.0,,1528800.0
338,PDCE,2022-10-17T00:00:00.000Z,Peterson Lynn A,D,S,1058.0,68.07,268273.0
339,EMN,2022-10-17T00:00:00.000Z,Killian Christopher Moore,A,M,1715.0,,7124.0
340,AMPS,2022-10-17T00:00:00.000Z,"ValueAct Holdings, L.P.",A,A,5088.0,,4005108.0
341,PGNY,2022-10-17T00:00:00.000Z,Schlanger David J,A,M,1300.0,0.91,83848.0
342,DNA,2022-10-17T00:00:00.000Z,Canton Barry,D,S,195317.0,2.639,24969124.0
343,SSB,2022-10-17T00:00:00.000Z,Williams Douglas Lloyd,D,S,15700.0,85.05,33319.0
344,ZS,2022-10-17T00:00:00.000Z,Chaudhry Jagtar Singh,A,A,43704.0,0.0,324811.0
345,TPL,2022-10-17T00:00:00.000Z,STAHL MURRAY,A,P,1.0,2041.2,43201.0
346,,2022-10-17T00:00:00.000Z,Schmiess Barry,A,P,0.0133,21.85,1.0133
347,LLY,2022-10-17T00:00:00.000Z,LILLY ENDOWMENT INC,D,S,26044.0,335.131,103576668.0
348,,2022-10-17T00:00:00.000Z,Christenson Ann L.,A,P,10.9323,21.85,841.7695
349,,2022-10-17T00:00:00.000Z,Hunt Timothy,A,P,987.5922,21.85,83333.2388
350,ENSG,2022-10-17T00:00:00.000Z,Wittekind Beverly B.,A,M,3311.0,9.74,48877.0
351,ENSG,2022-10-17T00:00:00.000Z,Wittekind Beverly B.,D,S,3311.0,86.0052,45566.0
352,DNA,2022-10-17T00:00:00.000Z,Shetty Reshma P.,D,S,195317.0,2.639,24969124.0
353,DNA,2022-10-17T00:00:00.000Z,Shetty Reshma P.,D,S,195317.0,2.639,24969123.0
354,FGI,2022-10-17T00:00:00.000Z,Heysse Todd M.,A,P,1000.0,2.1459,62395.0
355,CMRA,2022-10-17T00:00:00.000Z,Cherington Charles,A,P,15266.0,1.6602,634930.0
356,SEAC,2022-10-17T00:00:00.000Z,SINGER KAREN,A,X,8100.0,1.0,8227570.0
357,KTTA,2022-10-17T00:00:00.000Z,STEINMAN LAWRENCE,A,A,9000.0,1.13,1272174.0
358,SANM,2022-10-17T00:00:00.000Z,Adzema Kurt,D,F,5265.0,51.67,59373.0
359,MKC,2022-10-17T00:00:00.000Z,Foley Brendan M,A,J,2152.0,,2854.455
360,OSK,2022-10-17T00:00:00.000Z,Hawkins Thomas P,D,F,207.0,77.81,5093.245
361,PRT,2022-10-17T00:00:00.000Z,"Boaz Energy II, LLC",D,S,5000.0,7.2607,5725707.0
362,STAG,2022-10-17T00:00:00.000Z,MARR CHRISTOPHER P,A,A,621.0,28.14,20962.0
363,LLY,2022-10-17T00:00:00.000Z,LILLY ENDOWMENT INC,D,S,400.0,337.56,103541335.0
364,LLY,2022-10-17T00:00:00.000Z,LILLY ENDOWMENT INC,D,S,18716.0,336.015,103557952.0
365,ASIX,2022-10-17T00:00:00.000Z,Gramm Christopher,D,S,1000.0,32.55,34954.0
366,LLY,2022-10-17T00:00:00.000Z,LILLY ENDOWMENT INC,D,S,18247.0,333.76,103602712.0
367,PTCT,2022-10-17T00:00:00.000Z,Boulding Mark Elliott,D,S,200.0,55.0,61110.0
368,STER,2022-10-17T00:00:00.000Z,BARNETT STEVEN L,D,S,273.0,19.5,135079.0
369,ZWS,2022-10-17T00:00:00.000Z,CHRISTOPOUL THOMAS,A,A,1052.0,24.38,88703.0
370,OSK,2022-10-17T00:00:00.000Z,Hawkins Thomas P,A,M,1025.0,77.81,5305.245
371,,2022-10-17T00:00:00.000Z,Schmiess Barry,A,A,434.7826,23.0,435.7959
372,BLND,2022-10-17T00:00:00.000Z,Sumner Crystal,A,M,12920.0,0.87,612692.0
373,EHC,2022-10-17T00:00:00.000Z,SCHLICHTING NANCY M,A,A,46.0,0.0,15001.0
374,STRR,2022-10-17T00:00:00.000Z,Eberwein Jeffrey E.,A,P,10000.0,0.99,2640719.0
375,CRM,2022-10-17T00:00:00.000Z,Benioff Marc,A,M,2300.0,80.99,27763668.0
376,EHC,2022-10-17T00:00:00.000Z,HERMAN JOAN E,A,A,123.0,0.0,40933.0
377,PTCT,2022-10-17T00:00:00.000Z,Boulding Mark Elliott,A,M,6402.0,30.86,67512.0
378,FTCI,2022-10-17T00:00:00.000Z,Springer David,D,S,2307.0,2.39,338461.0
379,OSK,2022-10-17T00:00:00.000Z,Khare Anupam,D,F,359.0,77.81,8353.457
380,TIPT,2022-10-17T00:00:00.000Z,Bell Sandra,D,S,500.0,11.06,14567.0
381,EHC,2022-10-17T00:00:00.000Z,Williams Terrance,A,A,27.0,0.0,9070.0
382,DNA,2022-10-17T00:00:00.000Z,Kelly Jason R,D,S,195317.0,2.639,24969113.0
383,JPM,2022-10-17T00:00:00.000Z,Pinto Daniel E,A,M,104603.0,46.58,706450.0
384,GIM,2022-10-17T00:00:00.000Z,FRANKLIN RESOURCES INC,A,P,51277.0,4.1556,9117013.0
385,OSK,2022-10-17T00:00:00.000Z,Khare Anupam,A,M,763.0,77.81,8712.457
386,MSM,2022-10-17T00:00:00.000Z,Jones Douglas E,A,M,211.521,0.0,1503.0
387,JPM,2022-10-17T00:00:00.000Z,Pinto Daniel E,D,F,81793.0,115.665,624657.0
388,LLY,2022-10-17T00:00:00.000Z,LUCIANO JUAN R,A,A,42.0,332.76,14085.0
389,KTTA,2022-10-17T00:00:00.000Z,STEINMAN LAWRENCE,A,A,1000.0,1.14,1263174.0
390,BLND,2022-10-17T00:00:00.000Z,Sumner Crystal,D,S,12920.0,2.0629,599772.0
391,OSK,2022-10-17T00:00:00.000Z,Cortina Ignacio A,A,M,2146.0,77.81,34598.892
392,ZNTL,2022-10-17T00:00:00.000Z,Gallagher Cam,D,S,12500.0,23.5103,409385.0
393,ENSG,2022-10-17T00:00:00.000Z,Shaw Daren,A,A,875.0,0.0,39000.0
394,ZWS,2022-10-17T00:00:00.000Z,MOORE GEORGE C,A,A,1077.0,24.38,68317.0
395,STAG,2022-10-17T00:00:00.000Z,Chin Jit Kee,A,A,488.0,28.14,3991.0
396,PLTK,2022-10-17T00:00:00.000Z,Vanke Troy J,D,F,504.0,9.87,17449.0
397,,2022-10-17T00:00:00.000Z,Gleave Damon,A,P,0.0133,21.85,1.0133
398,REGN,2022-10-17T00:00:00.000Z,Landry Robert E,D,S,358.0,739.5,28744.0
399,ZWS,2022-10-17T00:00:00.000Z,Schooler Rosemary,A,A,923.0,24.38,34460.0
400,CXDO,2022-10-17T00:00:00.000Z,Vincent Ron,D,F,2795.0,2.33,50648.0
401,OSK,2022-10-17T00:00:00.000Z,Cortina Ignacio A,D,F,451.0,77.81,34097.892
402,RCG,2022-10-17T00:00:00.000Z,STAHL MURRAY,A,P,2.0,2.13,3518.0
403,PINE,2022-10-17T00:00:00.000Z,"CTO Realty Growth, Inc.",A,P,2000.0,16.6195,34260.0
404,LII,2022-10-17T00:00:00.000Z,Wall Shane D,A,A,117.0,222.67,1729.0
405,GDL.E,2022-10-17T00:00:00.000Z,GABELLI MARIO J,D,S,200000.0,10.0,0.0
406,DNA,2022-10-17T00:00:00.000Z,Canton Barry,D,S,195317.0,2.639,24969123.0
407,TPL,2022-10-17T00:00:00.000Z,STAHL MURRAY,A,P,2.0,2064.78,104365.0
408,SMLP,2022-10-17T00:00:00.000Z,Johnston James David,D,S,1573.0,17.0,25891.0
409,PDCE,2022-10-17T00:00:00.000Z,Peterson Lynn A,D,S,106.0,69.28,268167.0
410,ENSG,2022-10-17T00:00:00.000Z,SMITH BARRY M,A,A,875.0,0.0,27500.0
411,GIM,2022-10-17T00:00:00.000Z,"Saba Capital Management, L.P.",A,P,45892.0,4.15,34741157.0
412,IRL,2022-10-17T00:00:00.000Z,"Saba Capital Management, L.P.",A,P,305.0,6.82,415789.0
413,NXEN,2022-10-17T00:00:00.000Z,Greenberg Richard S,A,A,250000.0,,5185193.0
414,TOI,2022-10-17T00:00:00.000Z,"Havencrest Healthcare Partners, L.P.",D,S,8249.0,4.6,14423060.0
415,TPL,2022-10-17T00:00:00.000Z,STAHL MURRAY,A,P,3.0,2064.78,1861.0
416,POWW,2022-10-17T00:00:00.000Z,Markley Harry S,A,A,10000.0,3.5,150000.0
417,NBIX,2022-10-17T00:00:00.000Z,BENEVICH ERIC,D,S,4960.0,110.8229,15643.0
418,THO,2022-10-17T00:00:00.000Z,ORTHWEIN PETER BUSCH,D,G,6000.0,79.36,889158.0
419,GGZ.B,2022-10-17T00:00:00.000Z,GABELLI MARIO J,D,S,158554.0,10.0,0.0
420,SFE,2022-10-17T00:00:00.000Z,Michelson Beth,A,A,3317.0,3.59,23724.0
421,GGZ.B,2022-10-17T00:00:00.000Z,GABELLI MARIO J,A,P,158554.0,10.0,288174.0
422,SES,2022-10-17T00:00:00.000Z,Nealis Jing,D,S,15405.0,5.5098,1502498.0
423,LHX,2022-10-17T00:00:00.000Z,GIRARD JAMES P,D,S,12460.0,220.0,12143.57
424,PGR,2022-10-17T00:00:00.000Z,Griffith Susan Patricia,D,S,50000.0,116.85,431821.58
425,OSK,2022-10-17T00:00:00.000Z,Nerenhausen Frank R.,D,F,1240.0,77.81,47481.601
426,CIEN,2022-10-17T00:00:00.000Z,SMITH GARY B,D,S,3542.0,40.441,390582.0
427,SHLS,2022-10-17T00:00:00.000Z,Bardos Dominic,A,A,50241.0,0.0,50241.0
428,KYMR,2022-10-17T00:00:00.000Z,Mainolfi Nello,A,M,27676.0,2.08,561931.0
429,AAOI,2022-10-17T00:00:00.000Z,Murry Stefan J.,D,S,3000.0,2.8323,227629.0
430,ENSG,2022-10-17T00:00:00.000Z,Blouin Ann Scott,A,A,875.0,0.0,15677.0
431,,2022-10-17T00:00:00.000Z,Wolf Lance,A,P,1353.8801,21.85,104248.7566
432,SIBN,2022-10-17T00:00:00.000Z,RECUPERO ANTHONY J,D,S,587.0,18.5218,168676.0
433,TRUP,2022-10-17T00:00:00.000Z,RAWLINGS DARRYL,D,S,4000.0,53.935,857109.0
434,TDG,2022-10-17T00:00:00.000Z,Howley W Nicholas,D,S,1478.0,526.6006,28991.513
435,JBL,2022-10-17T00:00:00.000Z,Ferri Roberto,D,F,508.0,58.92,30721.0
436,PEBO,2022-10-17T00:00:00.000Z,SULERZYSKI CHARLES W,D,S,1500.0,30.64,45802.99
437,RBBN,2022-10-17T00:00:00.000Z,GRAYSON BRUNS H,A,A,16891.0,2.22,393298.0
438,DXLG,2022-10-17T00:00:00.000Z,KANTER HARVEY S,D,F,225226.0,5.6,633276.0
439,INBX,2022-10-17T00:00:00.000Z,Lappe Mark,D,S,8981.0,28.6626,2581271.0
440,IDT,2022-10-17T00:00:00.000Z,COSENTINO ERIC F.,D,S,650.0,26.5747,29.0
441,BFH,2022-10-17T00:00:00.000Z,Gerspach John C,A,A,969.0,,24218.0
442,OSK,2022-10-17T00:00:00.000Z,Johnson James W.,D,F,421.0,77.81,44966.603
443,INBX,2022-10-17T00:00:00.000Z,Lappe Mark,D,S,2892.0,30.8055,2564373.0
444,MSM,2022-10-17T00:00:00.000Z,GERSHWIND ERIK,A,M,961.59,0.0,397948.0
445,TEAM,2022-10-17T00:00:00.000Z,Cannon-Brookes Michael,D,S,1151.0,206.4002,447928.0
446,NARI,2022-10-17T00:00:00.000Z,Hoffman William,D,S,13986.0,76.22,318412.0
447,,2022-10-17T00:00:00.000Z,Korsmo Michelle L.,A,A,434.7826,23.0,7420.2619
448,OSK,2022-10-17T00:00:00.000Z,Pfeifer John C,D,F,779.0,77.81,38681.935
449,AMZN,2022-10-17T00:00:00.000Z,Selipsky Adam,D,S,16.0,113.5356,113640.0
450,OSK,2022-10-17T00:00:00.000Z,Pfeifer John C,A,M,1656.0,77.81,39460.935
451,FLEX,2022-10-17T00:00:00.000Z,HURLSTON MICHAEL E.,A,A,1506.0,0.0,47223.0
452,PCVX,2022-10-17T00:00:00.000Z,Wassil Jim,A,M,2800.0,2.42,45144.0
453,SYNH,2022-10-17T00:00:00.000Z,KLITGAARD WILLIAM E,A,A,2507.0,0.0,2507.0
454,BFYW,2022-10-17T00:00:00.000Z,James Ian Andrew,A,A,3500.0,0.0239,222707.0
455,EHC,2022-10-17T00:00:00.000Z,Reidy Christopher R,A,A,13.0,0.0,5578.0
456,UMH,2022-10-17T00:00:00.000Z,Mitchell William Edward,A,P,64.0,15.625,11727.43
457,FAST,2022-10-17T00:00:00.000Z,Nielsen Sarah N,A,P,500.0,44.89,2000.0
458,,2022-10-17T00:00:00.000Z,Korsmo Michelle L.,A,A,434.7826,23.0,876.3126
459,PGR,2022-10-17T00:00:00.000Z,Murphy John Jo,D,S,5270.0,120.0,29189.82
460,OSK,2022-10-17T00:00:00.000Z,Johnson James W.,A,M,894.0,77.81,45387.603
461,MSM,2022-10-17T00:00:00.000Z,Jones Douglas E,A,M,727.0,0.0,1291.0
462,NARI,2022-10-17T00:00:00.000Z,Hoffman William,D,S,5931.0,77.05,312481.0
463,OSK,2022-10-17T00:00:00.000Z,Johnson James W.,D,F,949.0,77.81,44493.603
464,AVTE,2022-10-17T00:00:00.000Z,Dake Benjamin T,A,M,4185.0,2.14,4185.0
465,EME,2022-10-17T00:00:00.000Z,POMPA MARK A,D,S,4822.0,125.0,121321.0
466,TDG,2022-10-17T00:00:00.000Z,Howley W Nicholas,D,S,950.0,528.699,26334.513
467,ELF,2022-10-17T00:00:00.000Z,AMIN TARANG,D,S,2083.0,40.9709,366088.0
468,TDG,2022-10-17T00:00:00.000Z,Howley W Nicholas,D,S,1707.0,527.3867,27284.513
469,TEAM,2022-10-17T00:00:00.000Z,Cannon-Brookes Michael,D,S,2042.0,205.2712,451157.0
470,SWCH,2022-10-17T00:00:00.000Z,Thomas Thomas A,D,S,40000.0,33.827,2924360.0
471,DXLG,2022-10-17T00:00:00.000Z,KANTER HARVEY S,A,M,221020.0,0.53,739090.0
472,TEAM,2022-10-17T00:00:00.000Z,Cannon-Brookes Michael,D,S,250.0,207.014,453249.0
473,YORW,2022-10-17T00:00:00.000Z,Snyder Mark S,A,P,8.852,36.7128,3166.809
474,TEAM,2022-10-17T00:00:00.000Z,Cannon-Brookes Michael,D,S,566.0,202.0466,450591.0
475,TEAM,2022-10-17T00:00:00.000Z,Cannon-Brookes Michael,D,S,200.0,194.6552,453499.0
476,SWBI,2022-10-17T00:00:00.000Z,SCOTT ROBERT L,D,S,3000.0,10.49,90573.0
477,NARI,2022-10-17T00:00:00.000Z,Hoffman William,D,S,1639.0,76.64,292481.0
478,JBL,2022-10-17T00:00:00.000Z,Creadon Gerald,D,F,629.0,58.92,45053.0
479,NARI,2022-10-17T00:00:00.000Z,Hoffman William,D,S,500.0,72.71,311981.0
480,NARI,2022-10-17T00:00:00.000Z,Hoffman William,D,S,200.0,72.85,297281.0
481,DXLG,2022-10-17T00:00:00.000Z,KANTER HARVEY S,A,M,35422.0,0.75,858502.0
482,INSP,2022-10-17T00:00:00.000Z,Jandrich Steven,A,M,750.0,0.94,4255.0
483,DXLG,2022-10-17T00:00:00.000Z,KANTER HARVEY S,A,M,150000.0,0.64,518070.0
484,FLEX,2022-10-17T00:00:00.000Z,Tan Lay Koon,A,A,1506.0,0.0,230969.0
485,CPSI,2022-10-17T00:00:00.000Z,DYE DAVID A,D,S,400.0,28.78,48000.0
486,PCVX,2022-10-17T00:00:00.000Z,Wassil Jim,D,S,874.0,25.313,44270.0
487,AGL,2022-10-17T00:00:00.000Z,Kornitzer Benjamin,A,M,5396.0,4.49,15822.0
488,NARI,2022-10-17T00:00:00.000Z,Hoffman William,D,S,6225.0,76.56,305156.0
489,NARI,2022-10-17T00:00:00.000Z,Hoffman William,D,S,600.0,74.7,311381.0
490,,2022-10-17T00:00:00.000Z,Wolf Lance,A,P,73.4096,21.85,5652.5572
491,AGL,2022-10-17T00:00:00.000Z,Kornitzer Benjamin,D,S,5396.0,21.7898,10426.0
492,NARI,2022-10-17T00:00:00.000Z,Hoffman William,D,S,1553.0,77.08,297481.0
493,LIDR,2022-10-17T00:00:00.000Z,LACORTE BLAIR,D,S,12093.0,0.898,2722630.0
494,GOEV,2022-10-17T00:00:00.000Z,MURTHY RAMESH,D,S,972.0,1.38,275649.0
495,CSSE,2022-10-17T00:00:00.000Z,Wilkin Diana,A,A,3530.0,0.0,28837.0
496,VYNT,2022-10-17T00:00:00.000Z,FLETCHER R JOHN,A,A,8290.0,,97649.0
497,TDG,2022-10-17T00:00:00.000Z,Howley W Nicholas,D,S,61.0,532.7,21547.513
498,TDG,2022-10-17T00:00:00.000Z,Howley W Nicholas,D,S,1123.0,530.6527,22332.513
499,TDG,2022-10-17T00:00:00.000Z,Howley W Nicholas,D,S,2879.0,529.5319,23455.513
500,STAG,2022-10-17T00:00:00.000Z,Jacoby Francis X III,A,A,488.0,28.14,27490.0
501,QUBT,2022-10-17T00:00:00.000Z,Huang Yuping,A,A,19253920.0,,23953706.0
502,STAG,2022-10-17T00:00:00.000Z,WEGER HANS S,A,A,666.0,28.14,3646.0
503,PRDO,2022-10-17T00:00:00.000Z,NELSON TODD S,D,S,25000.0,10.64,911417.0
504,AAON,2022-10-17T00:00:00.000Z,Gadiwalla Rony D,A,M,5000.0,41.37,25726.0
505,AGIO,2022-10-17T00:00:00.000Z,Poddar Richa,D,F,1485.0,27.48,8508.0
506,,2022-10-17T00:00:00.000Z,Polovitz Mark,A,P,11.9295,21.85,918.5684
507,SANM,2022-10-17T00:00:00.000Z,Adzema Kurt,D,F,8776.0,51.67,64638.0
508,SMR,2022-10-17T00:00:00.000Z,Green Energy New Technology Investment Fund,D,S,1800.0,11.25,4581548.0
509,CRM,2022-10-17T00:00:00.000Z,Benioff Marc,D,S,1020.0,147.8543,27761495.0
510,EGHT,2022-10-17T00:00:00.000Z,Zinn Matthew,D,S,780.0,3.3583,279037.0
511,DNMR,2022-10-17T00:00:00.000Z,Tuten Scott,D,S,10000.0,2.4626,444136.0
512,NXEN,2022-10-17T00:00:00.000Z,Wasoff Evan L,A,A,250000.0,,3500000.0
513,,2022-10-17T00:00:00.000Z,Korsmo Michelle L.,A,P,5.7341,21.85,441.53
514,STAG,2022-10-17T00:00:00.000Z,COLBERT VIRGIS,A,A,488.0,28.14,16293.0
515,RMD,2022-10-17T00:00:00.000Z,Farrell Michael J.,D,S,5675.0,214.5768,422570.0
516,RMD,2022-10-17T00:00:00.000Z,Farrell Michael J.,A,M,5675.0,57.76,428245.0
517,CRM,2022-10-17T00:00:00.000Z,Benioff Marc,D,S,127.0,148.6179,27761368.0
518,TEAM,2022-10-17T00:00:00.000Z,Farquhar Scott,D,S,1161.0,203.3172,447928.0
519,TEAM,2022-10-17T00:00:00.000Z,Cannon-Brookes Michael,D,S,2393.0,204.3899,453699.0
520,EME,2022-10-17T00:00:00.000Z,Guzzi Anthony,D,S,88.0,125.01,283839.0
521,MSFT,2022-10-17T00:00:00.000Z,Jolla Alice L.,D,F,177.469,228.56,67294.682
522,AAON,2022-10-17T00:00:00.000Z,Gadiwalla Rony D,D,S,5000.0,55.51,20726.0
523,CXDO,2022-10-17T00:00:00.000Z,Gaylor Douglas Walter,A,M,10000.0,0.0,51816.0
524,,2022-10-17T00:00:00.000Z,Korsmo Michelle L.,A,P,5.7341,21.85,441.53
525,AMZN,2022-10-17T00:00:00.000Z,Selipsky Adam,D,S,252.0,112.8006,113656.0
526,LLY,2022-10-17T00:00:00.000Z,Alvarez Ralph,A,A,34.0,332.76,52002.0
527,U,2022-10-17T00:00:00.000Z,Carpenter Carol W.,D,S,797.0,30.72,218803.0
528,AMZN,2022-10-17T00:00:00.000Z,Selipsky Adam,D,S,51.0,110.7859,114109.0
529,NTRS,2022-10-17T00:00:00.000Z,Taylor Alexandria,A,A,34515.0,0.0,34515.0
530,PGNY,2022-10-17T00:00:00.000Z,Anevski Peter,A,M,400.0,3.95,250845.0
531,AAON,2022-10-17T00:00:00.000Z,Gadiwalla Rony D,D,S,3801.0,55.71,20726.0
532,INBX,2022-10-17T00:00:00.000Z,Lappe Mark,D,S,14006.0,29.9245,2567265.0
533,REPX,2022-10-17T00:00:00.000Z,Libin Alvin Gerald,A,P,2.0,23.6,202777.0
534,NARI,2022-10-17T00:00:00.000Z,Hoffman William,D,S,2761.0,75.84,294120.0
535,TEAM,2022-10-17T00:00:00.000Z,Farquhar Scott,D,S,50.0,195.3228,451833.0
536,JBL,2022-10-17T00:00:00.000Z,Meriwether LaShawne,D,F,121.0,58.92,7891.0
537,SIBN,2022-10-17T00:00:00.000Z,DUNN JEFFREY W,D,S,2114.0,18.3406,113842.0
538,SFE,2022-10-17T00:00:00.000Z,Manko Joseph M. Jr.,A,A,7298.0,3.59,81350.0
539,,2022-10-17T00:00:00.000Z,Korsmo Michelle L.,A,A,434.7826,23.0,876.3126
540,DICE,2022-10-17T00:00:00.000Z,"RA CAPITAL MANAGEMENT, L.P.",A,P,1640000.0,36.5,6848911.0
541,NOTV,2022-10-17T00:00:00.000Z,Neff R Matthew,D,S,1000.0,19.1,64388.0
542,ZEN,2022-10-17T00:00:00.000Z,Gennaro Norman,D,S,7000.0,76.36,25421.0
543,SIBN,2022-10-17T00:00:00.000Z,Pisetsky Michael A,D,S,355.0,18.3869,119539.0
544,EME,2022-10-17T00:00:00.000Z,POMPA MARK A,D,S,178.0,125.01,121143.0
545,YORW,2022-10-17T00:00:00.000Z,Poff Matthew E,A,P,3.542,36.7128,4643.935
546,AMZN,2022-10-17T00:00:00.000Z,Selipsky Adam,D,S,201.0,111.7039,113908.0
547,MKC,2022-10-17T00:00:00.000Z,Foley Brendan M,D,J,2152.0,,72986.46
548,NARI,2022-10-17T00:00:00.000Z,Hoffman William,D,S,6122.0,76.38,299034.0
549,ABNB,2022-10-17T00:00:00.000Z,BALOGH ARISTOTLE N,D,S,2500.0,112.33,235981.0
550,ACRS,2022-10-17T00:00:00.000Z,Monahan Joseph,D,S,5000.0,15.9815,101386.0
551,TDG,2022-10-17T00:00:00.000Z,Howley W Nicholas,A,M,11500.0,111.59,33047.513
552,ACCD,2022-10-17T00:00:00.000Z,Barnes Stephen H.,D,S,113.0,11.0301,122374.0
553,CRM,2022-10-17T00:00:00.000Z,Benioff Marc,D,S,1153.0,147.0919,27762515.0
554,FSLR,2022-10-17T00:00:00.000Z,KENNEDY R CRAIG,D,S,600.0,125.68,18888.0
555,TDG,2022-10-17T00:00:00.000Z,Howley W Nicholas,D,S,2152.0,525.5209,30469.513
556,TGEN,2022-10-17T00:00:00.000Z,HATSOPOULOS JOHN,A,P,5000.0,0.9795,309863.0
557,BFH,2022-10-17T00:00:00.000Z,Kimbrough Karin,A,A,191.0,,4506.0
558,NARI,2022-10-17T00:00:00.000Z,Hoffman William,D,S,12751.0,75.51,332398.0
559,LEA,2022-10-17T00:00:00.000Z,SCOTT RAYMOND E,D,S,6143.0,125.31,29525.0
560,AHCO,2022-10-17T00:00:00.000Z,Everest Hill Group Inc.,D,S,100000.0,21.0,14385876.0
561,FSLY,2022-10-17T00:00:00.000Z,Shirk Brett,D,S,7000.0,8.07,253246.0
562,MSM,2022-10-17T00:00:00.000Z,Bledsoe Elizabeth,A,M,17.457,0.0,1893.0
563,HSON,2022-10-17T00:00:00.000Z,Eberwein Jeffrey E.,A,P,500.0,34.65,215626.0
564,KYMR,2022-10-17T00:00:00.000Z,Jacobs Bruce N.,A,M,10000.0,2.08,71279.0
565,LNTH,2022-10-17T00:00:00.000Z,Sabens Andrea,D,S,386.0,70.5,62004.0
566,KYMR,2022-10-17T00:00:00.000Z,Mainolfi Nello,A,M,32056.0,2.08,534255.0
567,TDG,2022-10-17T00:00:00.000Z,Howley W Nicholas,D,S,426.0,524.6629,32621.513
568,OSK,2022-10-17T00:00:00.000Z,Khare Anupam,A,M,1729.0,77.81,8762.457
569,OSK,2022-10-17T00:00:00.000Z,Brandt Bryan K,A,M,458.0,77.81,7209.459
570,EGHT,2022-10-17T00:00:00.000Z,Wilson Samuel C.,D,S,2000.0,3.3814,565634.0
571,MSM,2022-10-17T00:00:00.000Z,Dongre Neal,D,F,10.856,76.77,653.0
572,TEAM,2022-10-17T00:00:00.000Z,Farquhar Scott,D,S,1151.0,206.4001,454324.0
573,RKT,2022-10-17T00:00:00.000Z,Rizik Matthew,A,P,3000.0,7.01,428602.0
574,MSM,2022-10-17T00:00:00.000Z,Bledsoe Elizabeth,D,F,23.457,76.77,1870.0
575,,2022-10-17T00:00:00.000Z,Korsmo Michelle L.,A,P,90.7204,21.85,6985.4793
576,OSK,2022-10-17T00:00:00.000Z,Nelson Bradley M.,A,M,1729.0,77.81,20662.34
577,MSM,2022-10-17T00:00:00.000Z,GERSHWIND ERIK,A,M,3305.0,0.0,396986.0
578,OSK,2022-10-17T00:00:00.000Z,Nerenhausen Frank R.,A,M,1285.0,77.81,48766.601
579,INBX,2022-10-17T00:00:00.000Z,Lappe Mark,D,S,121.0,31.5071,2564252.0
580,CSSE,2022-10-17T00:00:00.000Z,Weiss Lurie Christina,A,A,3530.0,0.0,40507.0
581,ASB,2022-10-17T00:00:00.000Z,Utz John A.,A,J,58.8724,22.188,73022.4554
582,MSM,2022-10-17T00:00:00.000Z,Dongre Neal,A,M,27.0,0.0,656.0
583,TCDA,2022-10-17T00:00:00.000Z,"Venrock Healthcare Capital Partners II, L.P.",A,P,170292.0,11.67,9851080.0
584,JPM,2022-10-17T00:00:00.000Z,Erdoes Mary E.,D,S,33515.0,115.7731,533795.0
585,LIDR,2022-10-17T00:00:00.000Z,LACORTE BLAIR,A,M,12093.0,0.17,2734723.0
586,RWLK,2022-10-17T00:00:00.000Z,Lind Global Fund II LP,A,P,10922.0,0.84,4600051.0
587,UMH,2022-10-17T00:00:00.000Z,LANDY SAMUEL A,A,P,64.0,15.625,10221.0
588,ZEN,2022-10-17T00:00:00.000Z,Gennaro Norman,A,M,5000.0,35.47,32421.0
589,CARS,2022-10-17T00:00:00.000Z,Jain Sonia,A,A,204610.0,0.0,268585.0
590,YELP,2022-10-17T00:00:00.000Z,Schwarzbach David A,D,S,2000.0,35.15,187172.0
591,HYFM,2022-10-17T00:00:00.000Z,Lindeman Bruce John,D,F,3559.0,2.31,373555.0
592,MSM,2022-10-17T00:00:00.000Z,Dongre Neal,A,M,7.856,0.0,664.0
593,,2022-10-17T00:00:00.000Z,THOMSEN JOEL S.,A,P,32.476,21.85,2500.6532
594,BSX,2022-10-17T00:00:00.000Z,Carruthers Wendy,D,S,13322.0,40.5152,96591.0
595,AZZ,2022-10-17T00:00:00.000Z,Lavelle Ken,A,P,2000.0,34.676,24361.0
596,RWLK,2022-10-17T00:00:00.000Z,Lind Global Fund II LP,A,P,10922.0,0.84,4136898.0
597,VYNT,2022-10-17T00:00:00.000Z,Hansen Paul R.,A,A,7653.0,,744826.0
598,TEAM,2022-10-17T00:00:00.000Z,Cannon-Brookes Michael,D,S,1162.0,203.3175,449429.0
599,TEAM,2022-10-17T00:00:00.000Z,Farquhar Scott,D,S,2394.0,204.3901,449089.0
600,IEX,2022-10-17T00:00:00.000Z,Aquino Melissa,A,A,12895.0,203.58,12895.0
601,DXLG,2022-10-17T00:00:00.000Z,KANTER HARVEY S,A,M,83990.0,0.69,823080.0
602,ZS,2022-10-17T00:00:00.000Z,CANESSA REMO,A,A,15278.0,0.0,308371.0
603,TDOC,2022-10-17T00:00:00.000Z,Trencher Daniel,D,S,1000.0,24.04,24408.0
604,CLSH,2022-10-17T00:00:00.000Z,Silver Ross,A,P,11333.0,0.11,25100.0
605,TEAM,2022-10-17T00:00:00.000Z,Farquhar Scott,D,S,350.0,199.7114,451483.0
606,JBL,2022-10-17T00:00:00.000Z,McCoy Frederic E.,D,F,514.0,58.92,81162.0
607,KWR,2022-10-17T00:00:00.000Z,Bijlani Jeewat,A,A,902.0,0.0,6733.0
608,VYNT,2022-10-17T00:00:00.000Z,Harris Geoffrey E.,A,A,10841.0,,73920.0
609,TEAM,2022-10-17T00:00:00.000Z,Cannon-Brookes Michael,D,S,400.0,197.1425,456142.0
610,,2022-10-17T00:00:00.000Z,Korsmo Michelle L.,A,P,5.7341,21.85,441.53
611,SCTL,2022-10-17T00:00:00.000Z,ENLOE J DAVID JR,A,P,625.0,1.69,508808.0
612,AAON,2022-10-17T00:00:00.000Z,Gadiwalla Rony D,A,M,3801.0,41.37,24527.0
613,ZS,2022-10-17T00:00:00.000Z,Rajic Dali,A,A,33334.0,0.0,303933.0
614,EME,2022-10-17T00:00:00.000Z,Guzzi Anthony,D,S,7412.0,125.0,276427.0
615,TEAM,2022-10-17T00:00:00.000Z,Farquhar Scott,D,S,400.0,197.1425,453924.0
616,MGPI,2022-10-17T00:00:00.000Z,Landherr Curtis C.,A,A,1000.0,98.53,1000.0
617,MSM,2022-10-17T00:00:00.000Z,Bledsoe Elizabeth,A,M,60.0,0.0,1876.0
618,AAPL,2022-10-17T00:00:00.000Z,O'BRIEN DEIRDRE,D,S,8053.0,142.45,136290.0
619,OSK,2022-10-17T00:00:00.000Z,Nelson Bradley M.,A,M,763.0,77.81,20636.34
620,AIRG,2022-10-17T00:00:00.000Z,Elbaz Michael,A,A,46974.0,0.0,46974.0
621,CSSE,2022-10-17T00:00:00.000Z,Cohen Fred M.,A,A,3530.0,0.0,21774.0
622,OSK,2022-10-17T00:00:00.000Z,Pfeifer John C,D,F,1746.0,77.81,37804.935
623,SHAK,2022-10-17T00:00:00.000Z,Billingsley Lori George,A,A,943.0,49.75,943.0
624,OSK,2022-10-17T00:00:00.000Z,Nelson Bradley M.,D,F,348.0,77.81,20288.34
625,ZS,2022-10-17T00:00:00.000Z,Schlossman Robert,A,A,9723.0,0.0,145104.0
626,PCVX,2022-10-17T00:00:00.000Z,Wassil Jim,D,S,1926.0,25.905,42344.0
627,ASB,2022-10-17T00:00:00.000Z,Stadler Tammy C.,A,J,120.8428,22.188,57399.0239
628,TDG,2022-10-17T00:00:00.000Z,Howley W Nicholas,D,S,724.0,531.2908,21608.513
629,OSK,2022-10-17T00:00:00.000Z,Pfeifer John C,A,M,3714.0,77.81,39550.935
630,YORW,2022-10-17T00:00:00.000Z,Wheeler Mark A,A,P,132.79,36.7128,4130.3
631,OSK,2022-10-17T00:00:00.000Z,Brandt Bryan K,D,F,482.0,77.81,6751.459
632,TEAM,2022-10-17T00:00:00.000Z,Cannon-Brookes Michael,D,S,50.0,195.3228,453199.0
633,TEAM,2022-10-17T00:00:00.000Z,Cannon-Brookes Michael,D,S,50.0,197.79,456092.0
634,OSK,2022-10-17T00:00:00.000Z,Nerenhausen Frank R.,D,F,559.0,77.81,48207.601
635,,2022-10-17T00:00:00.000Z,THOMSEN JOEL S.,A,P,32.4764,21.85,2500.6699
636,TEAM,2022-10-17T00:00:00.000Z,Farquhar Scott,D,S,2041.0,205.2713,451883.0
637,OSK,2022-10-17T00:00:00.000Z,Nelson Bradley M.,D,F,789.0,77.81,19873.34
638,,2022-10-17T00:00:00.000Z,Korsmo Michelle L.,A,A,434.7826,23.0,876.3126
639,NARI,2022-10-17T00:00:00.000Z,Hoffman William,D,S,400.0,74.83,296881.0
640,YORW,2022-10-17T00:00:00.000Z,Hand Joseph Thomas,A,P,265.58,36.7128,25049.634
641,STAG,2022-10-17T00:00:00.000Z,Furber Jeffrey D.,A,A,621.0,28.14,46805.0
642,LLY,2022-10-17T00:00:00.000Z,JOHNSON KIMBERLY H,A,A,29.0,332.76,1397.0
643,ASB,2022-10-17T00:00:00.000Z,DeWitt Angie,A,J,27.7285,22.188,23962.8242
644,LLY,2022-10-17T00:00:00.000Z,Hedley Mary Lynne,A,A,30.0,332.76,177.0
645,ARNC,2022-10-17T00:00:00.000Z,Jones Ellis Allen,A,A,4533.0,0.0,4533.0
646,AMRS,2022-10-17T00:00:00.000Z,DREYER ELIZABETH E.,A,A,125000.0,0.0,125000.0
647,XPRO,2022-10-17T00:00:00.000Z,KEARNEY MICHAEL C,D,S,3335.0,16.024,304977.0
648,OSK,2022-10-17T00:00:00.000Z,Brandt Bryan K,A,M,1025.0,77.81,7233.459
649,BFH,2022-10-17T00:00:00.000Z,Tucker Laurie Anne,A,A,464.0,,20647.0
650,NARI,2022-10-17T00:00:00.000Z,Hoffman William,D,S,1232.0,74.75,345149.0
651,ELF,2022-10-17T00:00:00.000Z,AMIN TARANG,D,S,2083.0,40.9718,366088.0
652,CRSP,2022-10-17T00:00:00.000Z,Smith Brendan,D,F,1111.0,55.76,2639.0
653,CIEN,2022-10-17T00:00:00.000Z,Rothenstein David M,D,S,3500.0,40.32,235110.0
654,STAR,2022-10-17T00:00:00.000Z,Eisenberg David,A,A,2451.0,0.0,38211.0
655,JBL,2022-10-17T00:00:00.000Z,McKay Francis,D,F,363.0,58.92,47613.0
656,CSSE,2022-10-17T00:00:00.000Z,Somaya Vikram,A,A,3530.0,0.0,6363.0
657,SMLP,2022-10-17T00:00:00.000Z,Johnston James David,D,S,18.0,19.0,25873.0
658,CRNX,2022-10-17T00:00:00.000Z,Betz Stephen F.,D,S,3126.0,17.73,94346.0
659,BUSE,2022-10-17T00:00:00.000Z,Cassens Michael David,D,S,2300.0,24.23,173788.0
660,UMH,2022-10-17T00:00:00.000Z,LANDY SAMUEL A,A,P,64.0,15.625,793255.19
661,OSK,2022-10-17T00:00:00.000Z,Brandt Bryan K,D,F,216.0,77.81,6993.459
662,ACCD,2022-10-17T00:00:00.000Z,HILTON MICHAEL W,D,S,78.0,11.0301,129006.0
663,HIMS,2022-10-17T00:00:00.000Z,Boughton Soleil,D,S,4785.0,4.43,335816.0
664,NRDY,2022-10-17T00:00:00.000Z,Robinson Heidi,D,S,16500.0,2.247,1231050.0
665,PGNY,2022-10-17T00:00:00.000Z,Anevski Peter,D,S,400.0,39.33,250445.0
666,EGHT,2022-10-17T00:00:00.000Z,Middleton Hunter,D,S,589.0,3.3583,294025.0
667,CXDO,2022-10-17T00:00:00.000Z,Gaylor Douglas Walter,D,F,2855.0,2.33,48961.0
668,OSK,2022-10-17T00:00:00.000Z,Johnson James W.,A,M,2018.0,77.81,45442.603
669,PGNY,2022-10-17T00:00:00.000Z,Anevski Peter,D,S,100.0,39.33,190637.0
670,TEAM,2022-10-17T00:00:00.000Z,Cannon-Brookes Michael,D,S,350.0,199.7114,449079.0
671,OSK,2022-10-17T00:00:00.000Z,Nerenhausen Frank R.,A,M,2850.0,77.81,48721.601
672,YORW,2022-10-17T00:00:00.000Z,Chiaruttini Alexandra C,A,P,35.411,36.7128,1416.312
673,UMH,2022-10-17T00:00:00.000Z,PRUITT ANGELA D.,A,P,64.0,15.625,2545.31
674,STAG,2022-10-17T00:00:00.000Z,Guillemette Larry T,A,A,710.0,28.14,36801.0
675,UBER,2022-10-16T00:00:00.000Z,Hazelbaker Jill,A,M,2863.0,,203601.0
676,UBER,2022-10-16T00:00:00.000Z,Hazelbaker Jill,D,F,1334.0,24.71,202267.0
677,UBER,2022-10-16T00:00:00.000Z,Hazelbaker Jill,D,F,843.0,24.71,201424.0
678,UBER,2022-10-16T00:00:00.000Z,Hazelbaker Jill,D,F,1209.0,24.71,197899.0
679,UBER,2022-10-16T00:00:00.000Z,Hazelbaker Jill,A,M,4670.0,,198301.0
680,UBER,2022-10-16T00:00:00.000Z,Hazelbaker Jill,A,M,1699.0,,193631.0
681,UBER,2022-10-16T00:00:00.000Z,Krishnamurthy Nikki,D,F,312.0,24.71,175664.0
682,XGN,2022-10-16T00:00:00.000Z,ABALLI JOHN,A,A,350000.0,0.0,350000.0
683,MU,2022-10-16T00:00:00.000Z,BHATIA MANISH H,D,F,8894.0,52.72,319488.0
684,UBER,2022-10-16T00:00:00.000Z,Hazelbaker Jill,D,F,729.0,24.71,195750.0
685,CASH,2022-10-16T00:00:00.000Z,Theisen Sonja Anne,D,F,218.0,37.55,6078.0
686,PRPH,2022-10-16T00:00:00.000Z,Karkus Ted William,A,M,600000.0,0.6,3388609.0
687,UBER,2022-10-16T00:00:00.000Z,Chai Nelson,D,F,1765.0,24.71,360984.0
688,UBER,2022-10-16T00:00:00.000Z,Chai Nelson,D,F,555.0,24.71,360429.0
689,UBER,2022-10-16T00:00:00.000Z,Hazelbaker Jill,D,F,1420.0,24.71,196479.0
690,CASH,2022-10-16T00:00:00.000Z,Warren Jennifer W.,D,F,81.0,37.55,5604.0
691,CASH,2022-10-16T00:00:00.000Z,Pharr Brett L.,D,F,2116.0,37.55,48496.0
692,CASH,2022-10-16T00:00:00.000Z,Pharr Brett L.,D,F,476.0,37.55,50612.0
693,UBER,2022-10-16T00:00:00.000Z,Chai Nelson,A,M,1087.0,,362749.0
694,CASH,2022-10-16T00:00:00.000Z,Sharett Anthony M.,D,F,939.0,37.55,23163.0
695,MU,2022-10-16T00:00:00.000Z,MEHROTRA SANJAY,D,F,29433.0,52.72,902058.0
696,MU,2022-10-16T00:00:00.000Z,MEHROTRA SANJAY,D,F,26679.0,52.72,931491.0
697,CASH,2022-10-16T00:00:00.000Z,Ingram Charles C.,D,F,514.0,37.55,19077.0
698,CASH,2022-10-16T00:00:00.000Z,Ingram Charles C.,D,F,196.0,37.55,21521.0
699,CASH,2022-10-16T00:00:00.000Z,Ingram Charles C.,D,F,1112.0,37.55,20409.0
700,UBER,2022-10-16T00:00:00.000Z,Hazelbaker Jill,A,M,2437.0,,200738.0
701,CASH,2022-10-16T00:00:00.000Z,Ingram Charles C.,D,F,818.0,37.55,19591.0
702,PRPH,2022-10-16T00:00:00.000Z,Karkus Ted William,D,F,317291.0,10.41,3071318.0
703,CASH,2022-10-16T00:00:00.000Z,Sharett Anthony M.,D,F,432.0,37.55,24547.0
704,UBER,2022-10-16T00:00:00.000Z,Hazelbaker Jill,A,M,2689.0,,191932.0
705,CASH,2022-10-16T00:00:00.000Z,Theisen Sonja Anne,D,F,292.0,37.55,5786.0
706,CASH,2022-10-16T00:00:00.000Z,Warren Jennifer W.,D,F,112.0,37.55,5492.0
707,UBER,2022-10-16T00:00:00.000Z,Chai Nelson,A,M,3457.0,,361662.0
708,MU,2022-10-16T00:00:00.000Z,Sadana Sumit,D,F,9783.0,52.72,278996.0
709,MU,2022-10-16T00:00:00.000Z,Sadana Sumit,D,F,10342.0,52.72,268654.0
710,MU,2022-10-16T00:00:00.000Z,BHATIA MANISH H,D,F,9546.0,52.72,309942.0
711,UBER,2022-10-16T00:00:00.000Z,Hazelbaker Jill,D,F,2316.0,24.71,199108.0
712,CASH,2022-10-16T00:00:00.000Z,Sharett Anthony M.,D,F,445.0,37.55,24102.0
713,SLB,2022-10-16T00:00:00.000Z,Fyfe Kevin,A,M,11250.0,0.0,46057.0
714,MU,2022-10-16T00:00:00.000Z,Deboer Scott J,D,F,6101.0,52.72,275616.0
715,MU,2022-10-16T00:00:00.000Z,ARNZEN APRIL S,D,F,2929.0,52.72,147196.0
716,UBER,2022-10-16T00:00:00.000Z,Krishnamurthy Nikki,A,M,2304.0,,176627.0
717,MU,2022-10-16T00:00:00.000Z,Beard Robert P,A,M,1107.0,0.0,43997.0
718,SLB,2022-10-16T00:00:00.000Z,Guild Howard,D,F,4427.0,43.1,56047.0
719,SLB,2022-10-16T00:00:00.000Z,Guild Howard,A,M,11250.0,0.0,60474.0
720,MU,2022-10-16T00:00:00.000Z,ARNZEN APRIL S,D,F,4366.0,52.72,142830.0
721,SLB,2022-10-16T00:00:00.000Z,Fyfe Kevin,D,F,4427.0,43.1,41630.0
722,SLB,2022-10-16T00:00:00.000Z,Sonthalia Rajeev,D,F,9047.0,43.1,34932.0
723,UBER,2022-10-16T00:00:00.000Z,Ceremony Glen,D,F,323.0,24.71,124984.0
724,O,2022-10-16T00:00:00.000Z,Roy Sumit,D,F,9377.0,55.54,183347.0
725,MU,2022-10-16T00:00:00.000Z,Bokan Michael W,D,F,3254.0,52.72,179865.0
726,UBER,2022-10-16T00:00:00.000Z,Ceremony Glen,D,F,35.0,24.71,123676.0
727,UBER,2022-10-16T00:00:00.000Z,Ceremony Glen,D,F,288.0,24.71,125307.0
728,UBER,2022-10-16T00:00:00.000Z,Ceremony Glen,D,F,1273.0,24.71,123711.0
729,UBER,2022-10-16T00:00:00.000Z,Ceremony Glen,D,F,358.0,24.71,125595.0
730,UBER,2022-10-16T00:00:00.000Z,Ceremony Glen,D,F,714.0,24.71,125953.0
731,UBER,2022-10-16T00:00:00.000Z,Ceremony Glen,A,M,722.0,,125437.0
732,UBER,2022-10-16T00:00:00.000Z,Ceremony Glen,A,M,1440.0,,124715.0
733,UBER,2022-10-16T00:00:00.000Z,Ceremony Glen,A,M,580.0,,126017.0
734,UBER,2022-10-16T00:00:00.000Z,Krishnamurthy Nikki,D,F,907.0,24.71,176693.0
735,UBER,2022-10-16T00:00:00.000Z,Ceremony Glen,A,M,650.0,,126667.0
736,UBER,2022-10-16T00:00:00.000Z,Krishnamurthy Nikki,A,M,1805.0,,178432.0
737,UBER,2022-10-16T00:00:00.000Z,Krishnamurthy Nikki,D,F,832.0,24.71,177600.0
738,UBER,2022-10-16T00:00:00.000Z,Krishnamurthy Nikki,D,F,717.0,24.71,175976.0
739,UBER,2022-10-16T00:00:00.000Z,West Tony,D,F,895.0,24.71,152832.0
740,UBER,2022-10-16T00:00:00.000Z,West Tony,D,F,607.0,24.71,152225.0
741,UBER,2022-10-16T00:00:00.000Z,Krishnamurthy Nikki,A,M,2113.0,,174323.0
742,CASH,2022-10-16T00:00:00.000Z,Herrick Glen William,D,F,1214.0,37.55,97165.0
743,MU,2022-10-16T00:00:00.000Z,Beard Robert P,D,F,336.0,52.72,43661.0
744,UBER,2022-10-16T00:00:00.000Z,West Tony,A,M,1805.0,,158169.0
745,UBER,2022-10-16T00:00:00.000Z,West Tony,A,M,1213.0,,151694.0
746,UBER,2022-10-16T00:00:00.000Z,West Tony,A,M,4670.0,,156364.0
747,UBER,2022-10-16T00:00:00.000Z,West Tony,D,F,1524.0,24.71,156645.0
748,UBER,2022-10-16T00:00:00.000Z,THAIN JOHN A,A,M,761.0,,156040.0
749,UBER,2022-10-16T00:00:00.000Z,West Tony,A,M,3073.0,,150481.0
750,MU,2022-10-16T00:00:00.000Z,Deboer Scott J,D,F,7276.0,52.72,268340.0
751,UBER,2022-10-16T00:00:00.000Z,West Tony,D,F,602.0,24.71,156043.0
752,MU,2022-10-16T00:00:00.000Z,Bokan Michael W,D,F,5094.0,52.72,174771.0
753,MU,2022-10-16T00:00:00.000Z,ALLEN SCOTT R.,A,M,6613.0,0.0,46501.0
754,MU,2022-10-16T00:00:00.000Z,ALLEN SCOTT R.,D,F,2008.0,52.72,44493.0
755,SLB,2022-10-16T00:00:00.000Z,Sonthalia Rajeev,A,M,18750.0,0.0,43979.0
756,UBER,2022-10-16T00:00:00.000Z,West Tony,D,F,2316.0,24.71,153727.0
757,GBIO,2022-10-15T00:00:00.000Z,Samayoa Phillip,A,M,4125.0,,97030.0
758,GDRX,2022-10-15T00:00:00.000Z,Nabiey Romin,A,M,2606.0,,45479.0
759,GDRX,2022-10-15T00:00:00.000Z,Nabiey Romin,D,F,902.0,4.75,44577.0
760,GBIO,2022-10-15T00:00:00.000Z,Stanton Matthew,A,M,7438.0,,216101.0
761,TEAM,2022-10-15T00:00:00.000Z,BINZ JOSEPH LEO,A,A,68379.0,0.0,73379.0
762,ZEN,2022-10-15T00:00:00.000Z,Titterton Jeffrey J,D,F,39.0,76.3,1778.0
763,GBIO,2022-10-15T00:00:00.000Z,Kerr Douglas,D,F,2184.0,5.61,344801.0
764,ZEN,2022-10-15T00:00:00.000Z,Geschke John,A,M,222.0,,46417.0
765,ZEN,2022-10-15T00:00:00.000Z,Geschke John,D,F,111.0,76.3,46306.0
766,ZEN,2022-10-15T00:00:00.000Z,Glaser Shelagh,D,F,352.0,76.3,9514.0
767,ZEN,2022-10-15T00:00:00.000Z,Glaser Shelagh,A,M,740.0,,9866.0
768,NJR,2022-10-15T00:00:00.000Z,Bel Roberto,D,F,571.0,39.48,12040.0
769,PAYX,2022-10-15T00:00:00.000Z,Gibson John B,A,A,3663.0,0.0,52986.0
770,ZEN,2022-10-15T00:00:00.000Z,Titterton Jeffrey J,A,M,77.0,,1817.0
771,MRVL,2022-10-15T00:00:00.000Z,MURPHY MATTHEW J,D,F,3298.0,37.01,701672.0
772,MRVL,2022-10-15T00:00:00.000Z,YOUSEFI NARIMAN,A,M,1640.0,0.0,275784.0
773,AAPL,2022-10-15T00:00:00.000Z,O'BRIEN DEIRDRE,A,M,16612.0,,152902.0
774,W,2022-10-15T00:00:00.000Z,Oblak Steve,A,M,3000.0,0.0,166359.0
775,LYB,2022-10-15T00:00:00.000Z,Foley Kimberly A,A,A,881.0,0.0,23111.547
776,AAPL,2022-10-15T00:00:00.000Z,O'BRIEN DEIRDRE,D,F,8559.0,138.38,144343.0
777,LYB,2022-10-15T00:00:00.000Z,Seward James Malcolm,A,A,168.0,0.0,16948.0
778,MRVL,2022-10-15T00:00:00.000Z,YOUSEFI NARIMAN,D,F,864.0,37.01,274920.0
779,MRVL,2022-10-15T00:00:00.000Z,Hussain Muhammad Raghib,A,M,6958.0,0.0,724164.0
780,WDAY,2022-10-15T00:00:00.000Z,Larson Barbara A,D,S,1962.0,147.1421,77492.0
781,MRVL,2022-10-15T00:00:00.000Z,Hussain Muhammad Raghib,A,M,3306.0,0.0,724020.0
782,NJR,2022-10-15T00:00:00.000Z,Migliaccio Patrick J.,D,F,1429.0,39.48,32727.13
783,LYB,2022-10-15T00:00:00.000Z,Friedrichs Dale D,A,A,188.0,0.0,15271.0
784,SMFR,2022-10-15T00:00:00.000Z,Pellini Michael J,A,M,4278.0,,17114.0
785,MRVL,2022-10-15T00:00:00.000Z,Hussain Muhammad Raghib,D,F,1640.0,37.01,722380.0
786,NJR,2022-10-15T00:00:00.000Z,Cradic Amy,D,F,582.0,39.48,18773.0
787,MRVL,2022-10-15T00:00:00.000Z,Hussain Muhammad Raghib,D,F,3450.0,37.01,720714.0
788,SMFR,2022-10-15T00:00:00.000Z,Ryan Jason,A,M,4278.0,,17114.0
789,NJR,2022-10-15T00:00:00.000Z,Migliaccio Patrick J.,D,F,1412.0,39.48,33905.636
790,WDAY,2022-10-15T00:00:00.000Z,BHUSRI ANEEL,D,S,3497.0,147.1421,418509.0
791,NJR,2022-10-15T00:00:00.000Z,Cradic Amy,D,F,913.0,39.48,18002.0
792,MRVL,2022-10-15T00:00:00.000Z,Hussain Muhammad Raghib,A,M,3171.0,0.0,725551.0
793,NJR,2022-10-15T00:00:00.000Z,Bel Roberto,D,F,487.0,39.48,11584.0
794,MRVL,2022-10-15T00:00:00.000Z,Jarnac Dean E Jr.,D,F,1151.0,37.01,65272.0
795,EBAY,2022-10-15T00:00:00.000Z,Priest Stephen J,D,F,1252.0,37.08,22806.0
796,EBAY,2022-10-15T00:00:00.000Z,Priest Stephen J,A,M,2525.0,0.0,24058.0
797,MRVL,2022-10-15T00:00:00.000Z,Jarnac Dean E Jr.,A,M,1384.0,0.0,66656.0
798,MRVL,2022-10-15T00:00:00.000Z,Jarnac Dean E Jr.,A,M,1312.0,0.0,67281.0
799,MRVL,2022-10-15T00:00:00.000Z,Jarnac Dean E Jr.,A,M,2320.0,0.0,66423.0
800,NJR,2022-10-15T00:00:00.000Z,Bel Roberto,D,F,339.0,39.48,12534.0
801,NJR,2022-10-15T00:00:00.000Z,Cradic Amy,D,F,1094.0,39.48,16993.0
802,MRVL,2022-10-15T00:00:00.000Z,Jarnac Dean E Jr.,D,F,687.0,37.01,65969.0
803,NJR,2022-10-15T00:00:00.000Z,Migliaccio Patrick J.,D,F,1127.0,39.48,35124.636
804,LYB,2022-10-15T00:00:00.000Z,van der Laan Yvonne,A,A,273.0,0.0,3208.0
805,LYB,2022-10-15T00:00:00.000Z,Campbell Tracey D,A,A,176.0,0.0,3222.77
806,MRVL,2022-10-15T00:00:00.000Z,MURPHY MATTHEW J,A,M,14910.0,0.0,703783.0
807,SMFR,2022-10-15T00:00:00.000Z,RUCH JOSHUA,A,M,4278.0,,17114.0
808,ONEM,2022-10-15T00:00:00.000Z,TAYLOR SCOTT C,A,A,730.0,0.0,7002.0
809,MRVL,2022-10-15T00:00:00.000Z,Jarnac Dean E Jr.,D,F,651.0,37.01,66630.0
810,MRVL,2022-10-15T00:00:00.000Z,MURPHY MATTHEW J,D,F,6330.0,37.01,697453.0
811,MRVL,2022-10-15T00:00:00.000Z,MURPHY MATTHEW J,A,M,7517.0,0.0,704970.0
812,MKFG,2022-10-15T00:00:00.000Z,Karp Stephen,D,F,184.0,1.78,234777.0
813,RJF,2022-10-15T00:00:00.000Z,Carter Horace,A,M,591.0,0.0,19764.0
814,ONEM,2022-10-15T00:00:00.000Z,TOCIO MARY ANN,A,A,730.0,0.0,46547.0
815,W,2022-10-15T00:00:00.000Z,FLEISHER MICHAEL D,A,M,13750.0,0.0,80414.0
816,MTTR,2022-10-15T00:00:00.000Z,PITTMAN RAYMOND J,A,M,466951.0,0.0,2159190.0
817,MTTR,2022-10-15T00:00:00.000Z,Tulsi Japjit,A,M,108782.0,0.0,404353.0
818,MTTR,2022-10-15T00:00:00.000Z,Remley Jay,A,M,130539.0,0.0,591579.0
819,EBAY,2022-10-15T00:00:00.000Z,Huber Marie Oh,A,M,2462.0,0.0,136791.0
820,LIDR,2022-10-15T00:00:00.000Z,HUGHES ANDREW S,D,F,14462.0,0.896,1696222.0
821,WRLD,2022-10-15T00:00:00.000Z,Prashad R Chad,D,F,5506.0,102.59,38491.0
822,ZEN,2022-10-15T00:00:00.000Z,Titterton Jeffrey J,D,F,111.0,76.3,1740.0
823,ZEN,2022-10-15T00:00:00.000Z,Titterton Jeffrey J,D,F,135.0,76.3,1629.0
824,MRVL,2022-10-15T00:00:00.000Z,Christman Dan,D,F,1315.0,37.01,41971.0
825,ZEN,2022-10-15T00:00:00.000Z,Gennaro Norman,D,F,162.0,76.3,26682.0
826,QDEL,2022-10-15T00:00:00.000Z,Hodges Michelle A.,D,F,193.0,76.29,904.0
827,WRLD,2022-10-15T00:00:00.000Z,Calmes John L Jr,D,F,2952.0,102.59,31617.0
828,ZEN,2022-10-15T00:00:00.000Z,Gennaro Norman,A,M,325.0,,26844.0
829,DTIL,2022-10-15T00:00:00.000Z,Amoroso Michael,A,M,24208.0,,24208.0
830,ZEN,2022-10-15T00:00:00.000Z,Titterton Jeffrey J,A,M,222.0,,1851.0
831,EBAY,2022-10-15T00:00:00.000Z,Huber Marie Oh,D,F,1229.0,37.08,135562.0
832,GBIO,2022-10-15T00:00:00.000Z,Paone Antoinette,A,M,4125.0,,4125.0
833,SABR,2022-10-15T00:00:00.000Z,Moore David D,D,F,2846.0,5.41,303676.0
834,CYDY,2022-10-15T00:00:00.000Z,Migliarese Antonio,A,A,9824.0,0.0,147678.0
835,CYDY,2022-10-15T00:00:00.000Z,Ray Nitya G.,A,A,12428.0,0.0,470335.0
836,EXTR,2022-10-15T00:00:00.000Z,Vitalone Joseph A,A,M,33350.0,0.0,74648.0
837,GBIO,2022-10-15T00:00:00.000Z,Samayoa Phillip,D,F,1211.0,5.61,95819.0
838,PAYX,2022-10-15T00:00:00.000Z,MUCCI MARTIN,A,A,916.0,0.0,409162.0
839,CYDY,2022-10-15T00:00:00.000Z,Kelly Scott A.,A,A,13849.0,0.0,2133954.0
840,EXTR,2022-10-15T00:00:00.000Z,Vitalone Joseph A,D,F,13124.0,13.23,61524.0
841,ZEN,2022-10-15T00:00:00.000Z,Titterton Jeffrey J,A,M,561.0,,2339.0
842,SFE,2022-10-15T00:00:00.000Z,SALZMAN ERIC,D,F,2542.0,3.705,198868.0
843,ZEN,2022-10-15T00:00:00.000Z,Titterton Jeffrey J,D,F,279.0,76.3,2060.0
844,MRVL,2022-10-15T00:00:00.000Z,Christman Dan,A,M,2651.0,0.0,43286.0
845,MTTR,2022-10-15T00:00:00.000Z,Fay James Daniel,A,M,217565.0,0.0,775889.0
846,GABC,2022-10-15T00:00:00.000Z,SEGER THOMAS W,A,P,24.0,37.6185,356402.0
847,WW,2022-10-15T00:00:00.000Z,Lysaght Michael,D,F,3645.0,3.8,71331.0
848,WW,2022-10-15T00:00:00.000Z,Lysaght Michael,A,M,10106.0,,74976.0
849,ZEN,2022-10-15T00:00:00.000Z,Geschke John,A,M,339.0,,46364.0
850,GBIO,2022-10-15T00:00:00.000Z,MCDONOUGH GEOFF,D,F,10395.0,5.61,1222329.0
851,GBIO,2022-10-15T00:00:00.000Z,MCDONOUGH GEOFF,A,M,23438.0,,1232724.0
852,MRVL,2022-10-15T00:00:00.000Z,MURPHY MATTHEW J,A,M,6151.0,0.0,707823.0
853,ACAD,2022-10-15T00:00:00.000Z,Stankovic Srdjan R.,A,M,2969.0,,58157.0
854,ACAD,2022-10-15T00:00:00.000Z,Stankovic Srdjan R.,D,S,1326.0,15.81,56831.0
855,ZEN,2022-10-15T00:00:00.000Z,Geschke John,A,M,459.0,,46765.0
856,GBIO,2022-10-15T00:00:00.000Z,Norkunas Matthew,A,M,7438.0,,17947.0
857,ZEN,2022-10-15T00:00:00.000Z,Geschke John,D,F,169.0,76.3,46195.0
858,ZEN,2022-10-15T00:00:00.000Z,Geschke John,D,F,228.0,76.3,46537.0
859,ZEN,2022-10-15T00:00:00.000Z,Geschke John,A,M,307.0,,46178.0
860,GBIO,2022-10-15T00:00:00.000Z,Kerr Douglas,A,M,7438.0,,346985.0
861,GBIO,2022-10-15T00:00:00.000Z,Norkunas Matthew,D,F,2184.0,5.61,15763.0
862,WISH,2022-10-15T00:00:00.000Z,Just Brett,D,F,1200.0,0.69,185817.0
863,GBIO,2022-10-15T00:00:00.000Z,Stanton Matthew,D,F,2184.0,5.61,213917.0
864,ZEN,2022-10-15T00:00:00.000Z,Geschke John,D,F,153.0,76.3,46025.0
865,ACAD,2022-10-15T00:00:00.000Z,DAVIS STEPHEN,A,M,5938.0,,81813.0
866,WISH,2022-10-15T00:00:00.000Z,Shah Devang,A,M,22638.0,0.0,238433.0
867,WISH,2022-10-15T00:00:00.000Z,Shah Devang,D,F,11225.0,0.69,227208.0
868,PEN,2022-10-15T00:00:00.000Z,Shiu Lambert,D,F,346.0,179.94,14571.0
869,ONEM,2022-10-15T00:00:00.000Z,DUNLEVIE BRUCE,A,A,1023.0,0.0,11535.0
870,ONEM,2022-10-15T00:00:00.000Z,Kennedy David P,A,A,730.0,0.0,9534.0
871,BE,2022-10-15T00:00:00.000Z,Brooks Guillermo,A,M,6250.0,0.0,25390.0
872,WISH,2022-10-15T00:00:00.000Z,Just Brett,A,M,2416.0,0.0,187017.0
873,SABR,2022-10-15T00:00:00.000Z,Kindle Jami,D,F,822.0,5.41,121790.0
874,ACAD,2022-10-15T00:00:00.000Z,DAVIS STEPHEN,D,S,2804.0,15.81,79009.0
875,KRT,2022-10-15T00:00:00.000Z,Wang Joanne Tzu Jung,A,M,25000.0,,26957.0
876,MRVL,2022-10-15T00:00:00.000Z,Meintjes Willem A,D,F,307.0,37.01,82896.0
877,LOCO,2022-10-15T00:00:00.000Z,Roberts Laurance,D,F,4590.0,10.54,147243.0
878,ZEN,2022-10-15T00:00:00.000Z,McDermott Adrian,D,F,251.0,76.3,95451.0
879,MRVL,2022-10-15T00:00:00.000Z,Meintjes Willem A,D,F,214.0,37.01,82438.0
880,ZEN,2022-10-15T00:00:00.000Z,Svane Mikkel,D,F,294.0,76.3,504920.0
881,MRVL,2022-10-15T00:00:00.000Z,Hu Jean X.,D,F,1119.0,37.01,238699.0
882,MRVL,2022-10-15T00:00:00.000Z,Hu Jean X.,D,F,1608.0,37.01,235749.0
883,MRVL,2022-10-15T00:00:00.000Z,Meintjes Willem A,A,M,1160.0,0.0,82572.0
884,MRVL,2022-10-15T00:00:00.000Z,Koopmans Chris,A,M,1367.0,0.0,117767.0
885,MRVL,2022-10-15T00:00:00.000Z,Koopmans Chris,D,F,1085.0,37.01,118191.0
886,MRVL,2022-10-15T00:00:00.000Z,Koopmans Chris,D,F,678.0,37.01,117089.0
887,MRVL,2022-10-15T00:00:00.000Z,GAYNOR MITCHELL,D,S,5000.0,39.61,103429.0
888,MRVL,2022-10-15T00:00:00.000Z,Koopmans Chris,D,F,1151.0,37.01,115703.0
889,ZEN,2022-10-15T00:00:00.000Z,McDermott Adrian,A,M,408.0,,95859.0
890,TRUE,2022-10-15T00:00:00.000Z,Reigersman Jantoon,D,F,5975.0,1.43,516307.0
891,NJR,2022-10-15T00:00:00.000Z,Shea Jacqueline K,D,F,618.0,39.48,19034.08
892,MRCY,2022-10-15T00:00:00.000Z,Stevison James Mitch,D,S,1691.0,42.8855,59501.0
893,WRLD,2022-10-15T00:00:00.000Z,Childers Jason E.,D,F,1241.0,102.59,11567.0
894,GABC,2022-10-15T00:00:00.000Z,KELLY JASON M,A,P,69.0,37.6185,8286.0
895,GABC,2022-10-15T00:00:00.000Z,Ryan Christina M,A,P,24.0,37.6185,8332.0
896,ZEN,2022-10-15T00:00:00.000Z,Gennaro Norman,D,F,147.0,76.3,27035.0
897,MRVL,2022-10-15T00:00:00.000Z,GAYNOR MITCHELL,A,M,1614.0,0.0,106463.0
898,MRVL,2022-10-15T00:00:00.000Z,Koopmans Chris,A,M,2320.0,0.0,116854.0
899,BJRI,2022-10-15T00:00:00.000Z,Houdek Thomas,D,F,657.0,26.14,10893.0
900,WRLD,2022-10-15T00:00:00.000Z,Umstetter Luke J.,D,F,2318.0,102.59,17906.0
901,ZEN,2022-10-15T00:00:00.000Z,Glaser Shelagh,D,F,243.0,76.3,9782.0
902,NJR,2022-10-15T00:00:00.000Z,Shea Jacqueline K,D,F,527.0,39.48,18903.596
903,ZEN,2022-10-15T00:00:00.000Z,Glaser Shelagh,A,M,511.0,,10025.0
904,ZEN,2022-10-15T00:00:00.000Z,Curtis Michael John,A,M,1859.0,,18251.0
905,JBL,2022-10-15T00:00:00.000Z,Katz Robert L,D,F,894.0,58.92,127005.0
906,JBL,2022-10-15T00:00:00.000Z,Ferri Roberto,D,F,491.0,58.92,31229.0
907,JBL,2022-10-15T00:00:00.000Z,McCoy Frederic E.,D,F,593.0,58.92,81676.0
908,ZEN,2022-10-15T00:00:00.000Z,Gennaro Norman,A,M,766.0,,27801.0
909,ZEN,2022-10-15T00:00:00.000Z,Curtis Michael John,D,F,922.0,76.3,17329.0
910,ZEN,2022-10-15T00:00:00.000Z,Svane Mikkel,A,M,816.0,,505028.0
911,V,2022-10-15T00:00:00.000Z,Crawford Kermit R,A,A,411.0,0.0,550.0
912,ZEN,2022-10-15T00:00:00.000Z,McDermott Adrian,A,M,505.0,,95702.0
913,JBL,2022-10-15T00:00:00.000Z,Creadon Gerald,D,F,484.0,58.92,45682.0
914,ELVT,2022-10-15T00:00:00.000Z,Bradford Chad,A,M,1863.0,,92840.0
915,QDEL,2022-10-15T00:00:00.000Z,Hodges Michelle A.,A,A,389.0,0.0,1097.0
916,ZEN,2022-10-15T00:00:00.000Z,Svane Mikkel,D,F,405.0,76.3,504623.0
917,GBIO,2022-10-15T00:00:00.000Z,Zimmermann Tracy,D,F,2184.0,5.61,15763.0
918,ZEN,2022-10-15T00:00:00.000Z,Svane Mikkel,A,M,539.0,,504480.0
919,ZEN,2022-10-15T00:00:00.000Z,Svane Mikkel,A,M,591.0,,505214.0
920,ZEN,2022-10-15T00:00:00.000Z,Gennaro Norman,A,M,408.0,,27090.0
921,JBL,2022-10-15T00:00:00.000Z,Smith Daryn G.,D,F,547.0,58.92,67358.0
922,WDAY,2022-10-15T00:00:00.000Z,Robinson Douglas A.,D,S,2128.0,147.1421,132545.0
923,JBL,2022-10-15T00:00:00.000Z,MONDELLO MARK T,D,F,7667.0,58.92,2029922.0
924,WDAY,2022-10-15T00:00:00.000Z,Bozzini James,D,S,5031.0,147.1421,107617.0
925,JBL,2022-10-15T00:00:00.000Z,Meriwether LaShawne,D,F,112.0,58.92,8012.0
926,WDAY,2022-10-15T00:00:00.000Z,Sauer Richard Harry,D,S,3080.0,147.1421,92363.0
927,AAPL,2022-10-15T00:00:00.000Z,KONDO CHRIS,A,M,13136.0,,58104.0
928,AAPL,2022-10-15T00:00:00.000Z,KONDO CHRIS,D,F,6399.0,138.38,51705.0
929,GABC,2022-10-15T00:00:00.000Z,Ramsey Chris A,A,P,24.0,37.6185,28221.0
930,GBIO,2022-10-15T00:00:00.000Z,Zimmermann Tracy,A,M,7438.0,,17947.0
931,GABC,2022-10-15T00:00:00.000Z,Bawel Zachary W,A,P,24.0,37.6185,13217.2875
932,WW,2022-10-15T00:00:00.000Z,Kossover Amy,D,F,1946.0,3.8,21691.0
933,AGIO,2022-10-15T00:00:00.000Z,Poddar Richa,A,M,5000.0,0.0,9993.0
934,CASH,2022-10-15T00:00:00.000Z,Pharr Brett L.,D,F,787.0,37.55,51088.0
935,DNUT,2022-10-15T00:00:00.000Z,Telfer Philip,A,A,7788.0,0.0,7788.0
936,ENPH,2022-10-15T00:00:00.000Z,Yang Mandy,D,F,9296.0,237.87,97853.0
937,WW,2022-10-15T00:00:00.000Z,Kossover Amy,A,M,5394.0,,23637.0
938,ZEN,2022-10-15T00:00:00.000Z,Gennaro Norman,D,F,203.0,76.3,26887.0
939,JBL,2022-10-15T00:00:00.000Z,McKay Francis,D,F,342.0,58.92,47976.0
940,ZEN,2022-10-15T00:00:00.000Z,Svane Mikkel,D,F,268.0,76.3,504212.0
941,GBIO,2022-10-15T00:00:00.000Z,Paone Antoinette,D,F,1211.0,5.61,2914.0
942,WE,2022-10-15T00:00:00.000Z,Wehner Kurt,D,F,1242.0,2.27,183034.0
943,POST,2022-10-15T00:00:00.000Z,GRAY DIEDRE J,D,F,4817.0,86.25,46277.0
944,POST,2022-10-15T00:00:00.000Z,VITALE ROBERT V,D,F,19349.0,86.25,202652.0
945,GH,2022-10-15T00:00:00.000Z,POTTER MYRTLE S,A,M,820.0,0.0,820.0
946,GABC,2022-10-15T00:00:00.000Z,Ellspermann Susan J,A,P,24.0,37.6185,2560.0
947,CASH,2022-10-15T00:00:00.000Z,Sharett Anthony M.,D,F,889.0,37.55,24979.0
948,POST,2022-10-15T00:00:00.000Z,WESTPHAL MARK W,D,F,4814.0,86.25,76693.0
949,MRVL,2022-10-15T00:00:00.000Z,Christman Dan,D,F,1085.0,37.01,44230.0
950,MRVL,2022-10-15T00:00:00.000Z,Christman Dan,A,M,2187.0,0.0,45315.0
951,POST,2022-10-15T00:00:00.000Z,Zadoks Jeff A,D,F,5485.0,86.25,99550.0
952,WW,2022-10-15T00:00:00.000Z,O'Keefe Amy K,A,M,7595.0,,14355.0
953,MRVL,2022-10-15T00:00:00.000Z,Christman Dan,D,F,339.0,37.01,43128.0
954,WW,2022-10-15T00:00:00.000Z,O'Keefe Amy K,D,F,3062.0,3.8,11293.0
955,GABC,2022-10-15T00:00:00.000Z,SHEIDLER JACK,A,P,48.0,37.6185,56959.0
956,WRLD,2022-10-15T00:00:00.000Z,McIntyre Scott,D,F,1331.0,102.59,10336.0
957,BAC,2022-10-15T00:00:00.000Z,MOYNIHAN BRIAN T,A,M,15852.0,,2199114.0
958,BAC,2022-10-15T00:00:00.000Z,MOYNIHAN BRIAN T,D,D,15852.0,31.7,2183262.0
959,MRVL,2022-10-15T00:00:00.000Z,Christman Dan,D,F,801.0,37.01,42784.0
960,WRLD,2022-10-15T00:00:00.000Z,Caulder Alice Lindsay,D,F,1391.0,102.59,9219.0
961,WRLD,2022-10-15T00:00:00.000Z,Dyer Daniel Clinton,D,F,2577.0,102.59,30639.0
962,ZEN,2022-10-15T00:00:00.000Z,Titterton Jeffrey J,A,M,272.0,,1764.0
963,JBL,2022-10-15T00:00:00.000Z,BORGES STEVEN D,D,F,1063.0,58.92,206795.0
964,ZEN,2022-10-15T00:00:00.000Z,Gennaro Norman,D,F,380.0,76.3,27421.0
965,ONEM,2022-10-15T00:00:00.000Z,Auvil Paul R. III,A,A,1023.0,0.0,11535.0
966,MRVL,2022-10-15T00:00:00.000Z,Christman Dan,A,M,683.0,0.0,43467.0
967,MRVL,2022-10-15T00:00:00.000Z,Christman Dan,A,M,1614.0,0.0,43585.0
968,ZEN,2022-10-15T00:00:00.000Z,McDermott Adrian,A,M,409.0,,96213.0
969,ZEN,2022-10-15T00:00:00.000Z,McDermott Adrian,D,F,147.0,76.3,95804.0
970,CWEN,2022-10-15T00:00:00.000Z,Rubenstein Sarah,D,F,268.0,,26419.0
971,WW,2022-10-15T00:00:00.000Z,COLOSI MICHAEL F,D,F,4297.0,3.8,32350.0
972,ZEN,2022-10-15T00:00:00.000Z,McDermott Adrian,D,F,203.0,76.3,96010.0
973,WW,2022-10-15T00:00:00.000Z,COLOSI MICHAEL F,A,M,10659.0,,36647.0
974,CLR,2022-10-15T00:00:00.000Z,Hagens Robert,D,F,18292.0,68.22,94807.0
975,ZEN,2022-10-15T00:00:00.000Z,Gennaro Norman,A,M,295.0,,27182.0
976,ZEN,2022-10-15T00:00:00.000Z,McDermott Adrian,A,M,295.0,,95951.0
977,ZEN,2022-10-15T00:00:00.000Z,McDermott Adrian,D,F,203.0,76.3,95656.0
978,MRVL,2022-10-15T00:00:00.000Z,GAYNOR MITCHELL,D,F,624.0,37.01,106296.0
979,MRVL,2022-10-15T00:00:00.000Z,GAYNOR MITCHELL,A,M,1258.0,0.0,106920.0
980,WDAY,2022-10-15T00:00:00.000Z,Sisco Robynne,D,S,5551.0,147.1421,94658.0
981,NJR,2022-10-15T00:00:00.000Z,Shea Jacqueline K,D,F,564.0,49.48,19567.08
982,QDEL,2022-10-15T00:00:00.000Z,Bujarski Robert Joseph,D,F,205.0,76.29,29496.0
983,QDEL,2022-10-15T00:00:00.000Z,Bujarski Robert Joseph,A,A,389.0,0.0,29701.0
984,MRVL,2022-10-15T00:00:00.000Z,GAYNOR MITCHELL,D,F,1397.0,37.01,104849.0
985,MRVL,2022-10-15T00:00:00.000Z,GAYNOR MITCHELL,A,M,2817.0,0.0,106246.0
986,MRVL,2022-10-15T00:00:00.000Z,Meintjes Willem A,A,M,539.0,0.0,82652.0
987,MRVL,2022-10-15T00:00:00.000Z,GAYNOR MITCHELL,D,F,801.0,37.01,105662.0
988,ZEN,2022-10-15T00:00:00.000Z,Titterton Jeffrey J,A,M,235.0,,1609.0
989,MRVL,2022-10-15T00:00:00.000Z,Hussain Muhammad Raghib,D,F,1573.0,37.01,723978.0
990,WDAY,2022-10-15T00:00:00.000Z,Fernandez Gomez Luciano,D,S,5953.0,147.1421,251703.0
991,MRVL,2022-10-15T00:00:00.000Z,Koopmans Chris,A,M,2187.0,0.0,119276.0
992,NJR,2022-10-15T00:00:00.000Z,Reich Richard,D,F,307.0,39.48,14174.763
993,NJR,2022-10-15T00:00:00.000Z,Reich Richard,D,F,689.0,39.48,13704.334
994,MRVL,2022-10-15T00:00:00.000Z,Koopmans Chris,A,M,1384.0,0.0,117087.0
995,MRVL,2022-10-15T00:00:00.000Z,Koopmans Chris,D,F,687.0,37.01,116400.0
996,NJR,2022-10-15T00:00:00.000Z,Reich Richard,D,F,226.0,39.48,14438.763
997,MRVL,2022-10-15T00:00:00.000Z,MURPHY MATTHEW J,D,F,2644.0,37.01,705179.0
998,LIDR,2022-10-15T00:00:00.000Z,LACORTE BLAIR,D,F,11893.0,0.896,2722630.0
999,MRVL,2022-10-15T00:00:00.000Z,Hu Jean X.,A,M,3976.0,0.0,237357.0
